movie_url,movie_poster_url,movie_name[zh],movie_name[en],movie_rate,movie_rate_count,movie_description,movie_info,movie_director,movie_date,movie_language,movie_type
https://movie.douban.com/subject/1292052/,https://img2.doubanio.com/view/photo/s_ratio_poster/public/p480747492.jpg,肖申克的救赎,  The Shawshank Redemption,9.7,2178761,希望让人自由,"导演: 弗兰克·德拉邦特 Frank Darabont   主演: 蒂姆·罗宾斯 Tim Robbins /...<br/>
                            1994 / 美国 / 犯罪 剧情",弗兰克·德拉邦特 Frank Darabont   ,1994, 美国 , 犯罪 剧情
https://movie.douban.com/subject/1291546/,https://img3.doubanio.com/view/photo/s_ratio_poster/public/p2561716440.jpg,霸王别姬, ,9.6,1616112,风华绝代,"导演: 陈凯歌 Kaige Chen   主演: 张国荣 Leslie Cheung / 张丰毅 Fengyi Zha...<br/>
                            1993 / 中国大陆 中国香港 / 剧情 爱情 同性",陈凯歌 Kaige Chen   ,1993, 中国大陆 中国香港 , 剧情 爱情 同性
https://movie.douban.com/subject/1292720/,https://img2.doubanio.com/view/photo/s_ratio_poster/public/p2372307693.jpg,阿甘正传,  Forrest Gump,9.5,1644535,一部美国近现代史,"导演: 罗伯特·泽米吉斯 Robert Zemeckis   主演: 汤姆·汉克斯 Tom Hanks / ...<br/>
                            1994 / 美国 / 剧情 爱情",罗伯特·泽米吉斯 Robert Zemeckis   ,1994, 美国 , 剧情 爱情
https://movie.douban.com/subject/1295644/,https://img3.doubanio.com/view/photo/s_ratio_poster/public/p511118051.jpg,这个杀手不太冷,  Léon,9.4,1829323,怪蜀黍和小萝莉不得不说的故事,"导演: 吕克·贝松 Luc Besson   主演: 让·雷诺 Jean Reno / 娜塔莉·波特曼 ...<br/>
                            1994 / 法国 美国 / 剧情 动作 犯罪",吕克·贝松 Luc Besson   ,1994, 法国 美国 , 剧情 动作 犯罪
https://movie.douban.com/subject/1292722/,https://img9.doubanio.com/view/photo/s_ratio_poster/public/p457760035.jpg,泰坦尼克号,  Titanic,9.4,1598924,失去的才是永恒的 ,"导演: 詹姆斯·卡梅隆 James Cameron   主演: 莱昂纳多·迪卡普里奥 Leonardo...<br/>
                            1997 / 美国 / 剧情 爱情 灾难",詹姆斯·卡梅隆 James Cameron   ,1997, 美国 , 剧情 爱情 灾难
https://movie.douban.com/subject/1292063/,https://img2.doubanio.com/view/photo/s_ratio_poster/public/p2578474613.jpg,美丽人生,  La vita è bella,9.5,1021094,最美的谎言,"导演: 罗伯托·贝尼尼 Roberto Benigni   主演: 罗伯托·贝尼尼 Roberto Beni...<br/>
                            1997 / 意大利 / 剧情 喜剧 爱情 战争",罗伯托·贝尼尼 Roberto Benigni   ,1997, 意大利 , 剧情 喜剧 爱情 战争
https://movie.douban.com/subject/1291561/,https://img1.doubanio.com/view/photo/s_ratio_poster/public/p2557573348.jpg,千与千寻,  千と千尋の神隠し,9.4,1712779,最好的宫崎骏，最好的久石让 ,"导演: 宫崎骏 Hayao Miyazaki   主演: 柊瑠美 Rumi Hîragi / 入野自由 Miy...<br/>
                            2001 / 日本 / 剧情 动画 奇幻",宫崎骏 Hayao Miyazaki   ,2001, 日本 , 剧情 动画 奇幻
https://movie.douban.com/subject/1295124/,https://img2.doubanio.com/view/photo/s_ratio_poster/public/p492406163.jpg,辛德勒的名单,  Schindler's List,9.5,838801,拯救一个人，就是拯救整个世界,"导演: 史蒂文·斯皮尔伯格 Steven Spielberg   主演: 连姆·尼森 Liam Neeson...<br/>
                            1993 / 美国 / 剧情 历史 战争",史蒂文·斯皮尔伯格 Steven Spielberg   ,1993, 美国 , 剧情 历史 战争
https://movie.douban.com/subject/3541415/,https://img2.doubanio.com/view/photo/s_ratio_poster/public/p2616355133.jpg,盗梦空间,  Inception,9.3,1599405,诺兰给了我们一场无法盗取的梦,"导演: 克里斯托弗·诺兰 Christopher Nolan   主演: 莱昂纳多·迪卡普里奥 Le...<br/>
                            2010 / 美国 英国 / 剧情 科幻 悬疑 冒险",克里斯托弗·诺兰 Christopher Nolan   ,2010, 美国 英国 , 剧情 科幻 悬疑 冒险
https://movie.douban.com/subject/3011091/,https://img1.doubanio.com/view/photo/s_ratio_poster/public/p524964039.jpg,忠犬八公的故事,  Hachi: A Dog's Tale,9.4,1091243,永远都不能忘记你所爱的人,"导演: 莱塞·霍尔斯道姆 Lasse Hallström   主演: 理查·基尔 Richard Ger...<br/>
                            2009 / 美国 英国 / 剧情",莱塞·霍尔斯道姆 Lasse Hallström   ,2009, 美国 英国 , 剧情
https://movie.douban.com/subject/1292001/,https://img9.doubanio.com/view/photo/s_ratio_poster/public/p2574551676.jpg,海上钢琴师,  La leggenda del pianista sull'oceano,9.3,1303216,每个人都要走一条自己坚定了的路，就算是粉身碎骨 ,"导演: 朱塞佩·托纳多雷 Giuseppe Tornatore   主演: 蒂姆·罗斯 Tim Roth / ...<br/>
                            1998 / 意大利 / 剧情 音乐",朱塞佩·托纳多雷 Giuseppe Tornatore   ,1998, 意大利 , 剧情 音乐
https://movie.douban.com/subject/1889243/,https://img1.doubanio.com/view/photo/s_ratio_poster/public/p2614988097.jpg,星际穿越,  Interstellar,9.3,1271806,爱是一种力量，让我们超越时空感知它的存在,"导演: 克里斯托弗·诺兰 Christopher Nolan   主演: 马修·麦康纳 Matthew Mc...<br/>
                            2014 / 美国 英国 加拿大 冰岛 / 剧情 科幻 冒险",克里斯托弗·诺兰 Christopher Nolan   ,2014, 美国 英国 加拿大 冰岛 , 剧情 科幻 冒险
https://movie.douban.com/subject/1292064/,https://img2.doubanio.com/view/photo/s_ratio_poster/public/p479682972.jpg,楚门的世界,  The Truman Show,9.3,1185308,如果再也不能见到你，祝你早安，午安，晚安,"导演: 彼得·威尔 Peter Weir   主演: 金·凯瑞 Jim Carrey / 劳拉·琳妮 Lau...<br/>
                            1998 / 美国 / 剧情 科幻",彼得·威尔 Peter Weir   ,1998, 美国 , 剧情 科幻
https://movie.douban.com/subject/3793023/,https://img3.doubanio.com/view/photo/s_ratio_poster/public/p579729551.jpg,三傻大闹宝莱坞,  3 Idiots,9.2,1455527,英俊版憨豆，高情商版谢耳朵,"导演: 拉库马·希拉尼 Rajkumar Hirani   主演: 阿米尔·汗 Aamir Khan / 卡...<br/>
                            2009 / 印度 / 剧情 喜剧 爱情 歌舞",拉库马·希拉尼 Rajkumar Hirani   ,2009, 印度 , 剧情 喜剧 爱情 歌舞
https://movie.douban.com/subject/2131459/,https://img3.doubanio.com/view/photo/s_ratio_poster/public/p1461851991.jpg,机器人总动员,  WALL·E,9.3,1027362,小瓦力，大人生,"导演: 安德鲁·斯坦顿 Andrew Stanton   主演: 本·贝尔特 Ben Burtt / 艾丽...<br/>
                            2008 / 美国 / 科幻 动画 冒险",安德鲁·斯坦顿 Andrew Stanton   ,2008, 美国 , 科幻 动画 冒险
https://movie.douban.com/subject/1291549/,https://img3.doubanio.com/view/photo/s_ratio_poster/public/p1910824951.jpg,放牛班的春天,  Les choristes,9.3,1010907,天籁一般的童声，是最接近上帝的存在 ,"导演: 克里斯托夫·巴拉蒂 Christophe Barratier   主演: 热拉尔·朱尼奥 Gé...<br/>
                            2004 / 法国 瑞士 德国 / 剧情 音乐",克里斯托夫·巴拉蒂 Christophe Barratier   ,2004, 法国 瑞士 德国 , 剧情 音乐
https://movie.douban.com/subject/1292213/,https://img9.doubanio.com/view/photo/s_ratio_poster/public/p2455050536.jpg,大话西游之大圣娶亲,  西遊記大結局之仙履奇緣,9.2,1162616,一生所爱,"导演: 刘镇伟 Jeffrey Lau   主演: 周星驰 Stephen Chow / 吴孟达 Man Tat Ng...<br/>
                            1995 / 中国香港 中国大陆 / 喜剧 爱情 奇幻 古装",刘镇伟 Jeffrey Lau   ,1995, 中国香港 中国大陆 , 喜剧 爱情 奇幻 古装
https://movie.douban.com/subject/5912992/,https://img9.doubanio.com/view/photo/s_ratio_poster/public/p1363250216.jpg,熔炉,  도가니,9.3,712566,我们一路奋战不是为了改变世界，而是为了不让世界改变我们,"导演: 黄东赫 Dong-hyuk Hwang   主演: 孔侑 Yoo Gong / 郑有美 Yu-mi Jung /...<br/>
                            2011 / 韩国 / 剧情",黄东赫 Dong-hyuk Hwang   ,2011, 韩国 , 剧情
https://movie.douban.com/subject/25662329/,https://img1.doubanio.com/view/photo/s_ratio_poster/public/p2614500649.jpg,疯狂动物城,  Zootopia,9.2,1400028,迪士尼给我们营造的乌托邦就是这样，永远善良勇敢，永远出乎意料,"导演: 拜伦·霍华德 Byron Howard / 瑞奇·摩尔 Rich Moore   主演: 金妮弗·...<br/>
                            2016 / 美国 / 喜剧 动画 冒险",拜伦·霍华德 Byron Howard / 瑞奇·摩尔 Rich Moore   ,2016, 美国 , 喜剧 动画 冒险
https://movie.douban.com/subject/1307914/,https://img2.doubanio.com/view/photo/s_ratio_poster/public/p2564556863.jpg,无间道,  無間道,9.2,951375,香港电影史上永不过时的杰作,"导演: 刘伟强 / 麦兆辉   主演: 刘德华 / 梁朝伟 / 黄秋生<br/>
                            2002 / 中国香港 / 剧情 犯罪 悬疑",刘伟强 / 麦兆辉   ,2002, 中国香港 , 剧情 犯罪 悬疑
https://movie.douban.com/subject/1291841/,https://img9.doubanio.com/view/photo/s_ratio_poster/public/p616779645.jpg,教父,  The Godfather,9.3,712467,千万不要记恨你的对手，这样会让你失去理智,"导演: 弗朗西斯·福特·科波拉 Francis Ford Coppola   主演: 马龙·白兰度 M...<br/>
                            1972 / 美国 / 剧情 犯罪",弗朗西斯·福特·科波拉 Francis Ford Coppola   ,1972, 美国 , 剧情 犯罪
https://movie.douban.com/subject/1291560/,https://img9.doubanio.com/view/photo/s_ratio_poster/public/p2540924496.jpg,龙猫,  となりのトトロ,9.2,973245,人人心中都有个龙猫，童年就永远不会消失,"导演: 宫崎骏 Hayao Miyazaki   主演: 日高法子 Noriko Hidaka / 坂本千夏 Ch...<br/>
                            1988 / 日本 / 动画 奇幻 冒险",宫崎骏 Hayao Miyazaki   ,1988, 日本 , 动画 奇幻 冒险
https://movie.douban.com/subject/1849031/,https://img9.doubanio.com/view/photo/s_ratio_poster/public/p2614359276.jpg,当幸福来敲门,  The Pursuit of Happyness,9.1,1172308,平民励志片 ,"导演: 加布里尔·穆奇诺 Gabriele Muccino   主演: 威尔·史密斯 Will Smith ...<br/>
                            2006 / 美国 / 剧情 传记 家庭",加布里尔·穆奇诺 Gabriele Muccino   ,2006, 美国 , 剧情 传记 家庭
https://movie.douban.com/subject/3319755/,https://img1.doubanio.com/view/photo/s_ratio_poster/public/p501177648.jpg,怦然心动,  Flipped,9.1,1364828,真正的幸福是来自内心深处,"导演: 罗伯·莱纳 Rob Reiner   主演: 玛德琳·卡罗尔 Madeline Carroll / 卡...<br/>
                            2010 / 美国 / 剧情 喜剧 爱情",罗伯·莱纳 Rob Reiner   ,2010, 美国 , 剧情 喜剧 爱情
https://movie.douban.com/subject/6786002/,https://img9.doubanio.com/view/photo/s_ratio_poster/public/p1454261925.jpg,触不可及,  Intouchables,9.2,758944,满满温情的高雅喜剧,"导演: 奥利维·那卡什 Olivier Nakache / 艾力克·托兰达 Eric Toledano   主...<br/>
                            2011 / 法国 / 剧情 喜剧","奥利维·那卡什 Olivier Nakache / 艾力克·托兰达 Eric Toledano   主...<br/>
                            2011 / 法国 / 剧情 喜剧",2011,,
https://movie.douban.com/subject/1296141/,https://img1.doubanio.com/view/photo/s_ratio_poster/public/p1505392928.jpg,控方证人,  Witness for the Prosecution,9.6,320905,比利·怀德满分作品,"导演: 比利·怀尔德 Billy Wilder   主演: 泰隆·鲍华 Tyrone Power / 玛琳·...<br/>
                            1957 / 美国 / 剧情 犯罪 悬疑",比利·怀尔德 Billy Wilder   ,1957, 美国 , 剧情 犯罪 悬疑
https://movie.douban.com/subject/1851857/,https://img2.doubanio.com/view/photo/s_ratio_poster/public/p462657443.jpg,蝙蝠侠：黑暗骑士,  The Dark Knight,9.2,793366,无尽的黑暗,"导演: 克里斯托弗·诺兰 Christopher Nolan   主演: 克里斯蒂安·贝尔 Christ...<br/>
                            2008 / 美国 英国 / 剧情 动作 科幻 犯罪 惊悚",克里斯托弗·诺兰 Christopher Nolan   ,2008, 美国 英国 , 剧情 动作 科幻 犯罪 惊悚
https://movie.douban.com/subject/1292365/,https://img3.doubanio.com/view/photo/s_ratio_poster/public/p2513253791.jpg,活着, ,9.3,615166,张艺谋最好的电影,"导演: 张艺谋 Yimou Zhang   主演: 葛优 You Ge / 巩俐 Li Gong / 姜武 Wu Jiang<br/>
                            1994 / 中国大陆 中国香港 / 剧情 历史 家庭",张艺谋 Yimou Zhang   ,1994, 中国大陆 中国香港 , 剧情 历史 家庭
https://movie.douban.com/subject/1293172/,https://img2.doubanio.com/view/photo/s_ratio_poster/public/p452089833.jpg,末代皇帝,  The Last Emperor,9.3,581742,“不要跟我比惨，我比你更惨”再适合这部电影不过了,"导演: 贝纳尔多·贝托鲁奇 Bernardo Bertolucci   主演: 尊龙 John Lone / 陈...<br/>
                            1987 / 英国 意大利 中国大陆 法国 / 剧情 传记 历史",贝纳尔多·贝托鲁奇 Bernardo Bertolucci   ,1987, 英国 意大利 中国大陆 法国 , 剧情 传记 历史
https://movie.douban.com/subject/20495023/,https://img9.doubanio.com/view/photo/s_ratio_poster/public/p2614500706.jpg,寻梦环游记,  Coco,9.1,1179669,死亡不是真的逝去，遗忘才是永恒的消亡,"导演: 李·昂克里奇 Lee Unkrich / 阿德里安·莫利纳 Adrian Molina   主演: ...<br/>
                            2017 / 美国 / 喜剧 动画 奇幻 音乐",李·昂克里奇 Lee Unkrich / 阿德里安·莫利纳 Adrian Molina   ,2017, 美国 , 喜剧 动画 奇幻 音乐
https://movie.douban.com/subject/1300267/,https://img3.doubanio.com/view/photo/s_ratio_poster/public/p1963126880.jpg,乱世佳人,  Gone with the Wind,9.3,523458,Tomorrow is another day.,"导演: 维克多·弗莱明 Victor Fleming / 乔治·库克 George Cukor   主演: 费...<br/>
                            1939 / 美国 / 剧情 历史 爱情 战争",维克多·弗莱明 Victor Fleming / 乔治·库克 George Cukor   ,1939, 美国 , 剧情 历史 爱情 战争
https://movie.douban.com/subject/30170448/,https://img1.doubanio.com/view/photo/s_ratio_poster/public/p2555295759.jpg,何以为家,  كفرناحوم,9.1,741790,凝视卑弱生命，用电影改变命运,"导演: 娜丁·拉巴基 Nadine Labaki   主演: 扎因·拉费阿 Zain al-Rafeea / ...<br/>
                            2018 / 黎巴嫩 法国 美国 / 剧情",娜丁·拉巴基 Nadine Labaki   ,2018, 黎巴嫩 法国 美国 , 剧情
https://movie.douban.com/subject/1291552/,https://img2.doubanio.com/view/photo/s_ratio_poster/public/p1910825503.jpg,指环王3：王者无敌,  The Lord of the Rings: The Return of the King,9.2,577928,史诗的终章,"导演: 彼得·杰克逊 Peter Jackson   主演: 伊利亚·伍德 Elijah Wood / 西恩...<br/>
                            2003 / 美国 新西兰 / 剧情 动作 奇幻 冒险",彼得·杰克逊 Peter Jackson   ,2003, 美国 新西兰 , 剧情 动作 奇幻 冒险
https://movie.douban.com/subject/26387939/,https://img9.doubanio.com/view/photo/s_ratio_poster/public/p2457983084.jpg,摔跤吧！爸爸,  Dangal,9,1199305,你不是在为你一个人战斗，你要让千千万万的女性看到女生并不是只能相夫教子,"导演: 涅提·蒂瓦里 Nitesh Tiwari   主演: 阿米尔·汗 Aamir Khan / 法缇玛...<br/>
                            2016 / 印度 / 剧情 传记 运动 家庭",涅提·蒂瓦里 Nitesh Tiwari   ,2016, 印度 , 剧情 传记 运动 家庭
https://movie.douban.com/subject/2129039/,https://img9.doubanio.com/view/photo/s_ratio_poster/public/p485887754.jpg,飞屋环游记,  Up,9,1018674,最后那些最无聊的事情，才是最值得怀念的 ,"导演: 彼特·道格特 Pete Docter / 鲍勃·彼德森 Bob Peterson   主演: 爱德...<br/>
                            2009 / 美国 / 剧情 喜剧 动画 冒险",彼特·道格特 Pete Docter / 鲍勃·彼德森 Bob Peterson   ,2009, 美国 , 剧情 喜剧 动画 冒险
https://movie.douban.com/subject/1929463/,https://img3.doubanio.com/view/photo/s_ratio_poster/public/p1784592701.jpg,少年派的奇幻漂流,  Life of Pi,9.1,1081342,瑰丽壮观、无人能及的冒险之旅,"导演: 李安 Ang Lee   主演: 苏拉·沙玛 Suraj Sharma / 伊尔凡·可汗 Irrfan...<br/>
                            2012 / 美国 中国台湾 英国 加拿大 / 剧情 奇幻 冒险",李安 Ang Lee   ,2012, 美国 中国台湾 英国 加拿大 , 剧情 奇幻 冒险
https://movie.douban.com/subject/1293182/,https://img2.doubanio.com/view/photo/s_ratio_poster/public/p2173577632.jpg,十二怒汉,  12 Angry Men,9.4,350001,1957年的理想主义 ,"导演: Sidney Lumet   主演: 亨利·方达 Henry Fonda / 马丁·鲍尔萨姆 Marti...<br/>
                            1957 / 美国 / 剧情",Sidney Lumet   ,1957, 美国 , 剧情
https://movie.douban.com/subject/1295038/,https://img9.doubanio.com/view/photo/s_ratio_poster/public/p2614949805.jpg,哈利·波特与魔法石,  Harry Potter and the Sorcerer's Stone,9.1,780778,童话世界的开端,"导演: Chris Columbus   主演: Daniel Radcliffe / Emma Watson / Rupert Grint<br/>
                            2001 / 美国 英国 / 奇幻 冒险",Chris Columbus   ,2001, 美国 英国 , 奇幻 冒险
https://movie.douban.com/subject/21937452/,https://img9.doubanio.com/view/photo/s_ratio_poster/public/p2118532944.jpg,素媛,  소원,9.3,484857,受过伤害的人总是笑得最开心，因为他们不愿意让身边的人承受一样的痛苦,"导演: 李濬益 Jun-ik Lee   主演: 薛景求 Kyung-gu Sol / 严志媛 Ji-won Uhm ...<br/>
                            2013 / 韩国 / 剧情",李濬益 Jun-ik Lee   ,2013, 韩国 , 剧情
https://movie.douban.com/subject/1291858/,https://img1.doubanio.com/view/photo/s_ratio_poster/public/p2553104888.jpg,鬼子来了, ,9.3,470484,对敌人的仁慈，就是对自己残忍,"导演: 姜文 Wen Jiang   主演: 姜文 Wen Jiang / 香川照之 Teruyuki Kagawa /...<br/>
                            2000 / 中国大陆 / 剧情 喜剧",姜文 Wen Jiang   ,2000, 中国大陆 , 剧情 喜剧
https://movie.douban.com/subject/1308807/,https://img3.doubanio.com/view/photo/s_ratio_poster/public/p2174346180.jpg,哈尔的移动城堡,  ハウルの動く城,9.1,749702,带着心爱的人在天空飞翔,"导演: 宫崎骏 Hayao Miyazaki   主演: 倍赏千惠子 Chieko Baishô / 木村拓...<br/>
                            2004 / 日本 / 动画 奇幻 冒险",宫崎骏 Hayao Miyazaki   ,2004, 日本 , 动画 奇幻 冒险
https://movie.douban.com/subject/1291583/,https://img1.doubanio.com/view/photo/s_ratio_poster/public/p1446261379.jpg,天空之城,  天空の城ラピュタ,9.1,643365,对天空的追逐，永不停止 ,"导演: 宫崎骏 Hayao Miyazaki   主演: 田中真弓 Mayumi Tanaka / 横泽启子 Ke...<br/>
                            1986 / 日本 / 动画 奇幻 冒险",宫崎骏 Hayao Miyazaki   ,1986, 日本 , 动画 奇幻 冒险
https://movie.douban.com/subject/1299398/,https://img2.doubanio.com/view/photo/s_ratio_poster/public/p2561721372.jpg,大话西游之月光宝盒,  西遊記第壹佰零壹回之月光寶盒,9,927351,旷古烁今,"导演: 刘镇伟 Jeffrey Lau   主演: 周星驰 Stephen Chow / 吴孟达 Man Tat Ng...<br/>
                            1995 / 中国香港 中国大陆 / 喜剧 爱情 奇幻 古装",刘镇伟 Jeffrey Lau   ,1995, 中国香港 中国大陆 , 喜剧 爱情 奇幻 古装
https://movie.douban.com/subject/26752088/,https://img9.doubanio.com/view/photo/s_ratio_poster/public/p2561305376.jpg,我不是药神, ,9,1596088,对我们国家而言，这样的电影多一部是一部,"导演: 文牧野 Muye Wen   主演: 徐峥 Zheng Xu / 王传君 Chuanjun Wang / 周...<br/>
                            2018 / 中国大陆 / 剧情 喜剧",文牧野 Muye Wen   ,2018, 中国大陆 , 剧情 喜剧
https://movie.douban.com/subject/1293839/,https://img9.doubanio.com/view/photo/s_ratio_poster/public/p2189265085.jpg,罗马假日,  Roman Holiday,9,743376,爱情哪怕只有一天,"导演: 威廉·惠勒 William Wyler   主演: 奥黛丽·赫本 Audrey Hepburn / 格...<br/>
                            1953 / 美国 / 喜剧 剧情 爱情",威廉·惠勒 William Wyler   ,1953, 美国 , 喜剧 剧情 爱情
https://movie.douban.com/subject/1298624/,https://img1.doubanio.com/view/photo/s_ratio_poster/public/p2550757929.jpg,闻香识女人,  Scent of a Woman,9.1,650156,史上最美的探戈,"导演: 马丁·布莱斯 Martin Brest   主演: 阿尔·帕西诺 Al Pacino / 克里斯...<br/>
                            1992 / 美国 / 剧情",马丁·布莱斯 Martin Brest   ,1992, 美国 , 剧情
https://movie.douban.com/subject/1291828/,https://img1.doubanio.com/view/photo/s_ratio_poster/public/p2559577569.jpg,天堂电影院,  Nuovo Cinema Paradiso,9.2,496713,那些吻戏，那些青春，都在影院的黑暗里被泪水冲刷得无比清晰,"导演: 朱塞佩·托纳多雷 Giuseppe Tornatore   主演: 菲利普·努瓦雷 Philipp...<br/>
                            1988 / 意大利 法国 / 剧情 爱情",朱塞佩·托纳多雷 Giuseppe Tornatore   ,1988, 意大利 法国 , 剧情 爱情
https://movie.douban.com/subject/21937445/,https://img9.doubanio.com/view/photo/s_ratio_poster/public/p2158166535.jpg,辩护人,  변호인,9.2,466115,电影的现实意义大过电影本身,"导演: 杨宇硕 Woo-seok Yang   主演: 宋康昊 Kang-ho Song / 金英爱 Yeong-ae...<br/>
                            2013 / 韩国 / 剧情",杨宇硕 Woo-seok Yang   ,2013, 韩国 , 剧情
https://movie.douban.com/subject/1292000/,https://img1.doubanio.com/view/photo/s_ratio_poster/public/p1910926158.jpg,搏击俱乐部,  Fight Club,9,662714,邪恶与平庸蛰伏于同一个母体，在特定的时间互相对峙,"导演: 大卫·芬奇 David Fincher   主演: 爱德华·诺顿 Edward Norton / 布拉...<br/>
                            1999 / 美国 德国 / 剧情 动作 悬疑 惊悚",大卫·芬奇 David Fincher   ,1999, 美国 德国 , 剧情 动作 悬疑 惊悚
https://movie.douban.com/subject/1418019/,https://img1.doubanio.com/view/photo/s_ratio_poster/public/p2184505167.jpg,大闹天宫, ,9.3,304275,经典之作，历久弥新,"导演: 万籁鸣 Laiming Wan / 唐澄 Cheng  Tang   主演: 邱岳峰 Yuefeng Qiu /...<br/>
                            1961(中国大陆) / 1964(中国大陆) / 1978(中国大陆) / 2004(中国大陆) / 中国大陆 / 动画 奇幻",万籁鸣 Laiming Wan / 唐澄 Cheng  Tang   ,1961, 1964(中国大陆) , 1978(中国大陆) 
https://movie.douban.com/subject/1305487/,https://img3.doubanio.com/view/photo/s_ratio_poster/public/p453924541.jpg,猫鼠游戏,  Catch Me If You Can,9,639641,骗子大师和执著警探的你追我跑故事 ,"导演: 史蒂文·斯皮尔伯格 Steven Spielberg   主演: 莱昂纳多·迪卡普里奥 L...<br/>
                            2002 / 美国 加拿大 / 传记 犯罪 剧情",史蒂文·斯皮尔伯格 Steven Spielberg   ,2002, 美国 加拿大 , 传记 犯罪 剧情
https://movie.douban.com/subject/1299131/,https://img1.doubanio.com/view/photo/s_ratio_poster/public/p2194138787.jpg,教父2,  The Godfather: Part Ⅱ,9.2,397418,优雅的孤独,"导演: 弗朗西斯·福特·科波拉 Francis Ford Coppola   主演: 阿尔·帕西诺 A...<br/>
                            1974 / 美国 / 剧情 犯罪",弗朗西斯·福特·科波拉 Francis Ford Coppola   ,1974, 美国 , 剧情 犯罪
https://movie.douban.com/subject/1301753/,https://img1.doubanio.com/view/photo/s_ratio_poster/public/p2277799019.jpg,狮子王,  The Lion King,9,620460,动物版《哈姆雷特》,"导演: Roger Allers / 罗伯·明可夫 Rob Minkoff   主演: 乔纳森·泰勒·托马...<br/>
                            1994 / 美国 / 动画 冒险 歌舞",Roger Allers / 罗伯·明可夫 Rob Minkoff   ,1994, 美国 , 动画 冒险 歌舞
https://movie.douban.com/subject/1291548/,https://img3.doubanio.com/view/photo/s_ratio_poster/public/p2575465690.jpg,死亡诗社,  Dead Poets Society,9.1,528771,当一个死水般的体制内出现一个活跃的变数时，所有的腐臭都站在了光明的对面,"导演: 彼得·威尔 Peter Weir   主演: 罗宾·威廉姆斯 Robin Williams / 罗伯...<br/>
                            1989 / 美国 / 剧情",彼得·威尔 Peter Weir   ,1989, 美国 , 剧情
https://movie.douban.com/subject/1291572/,https://img9.doubanio.com/view/photo/s_ratio_poster/public/p909265336.jpg,指环王2：双塔奇兵,  The Lord of the Rings: The Two Towers,9.1,526543,承前启后的史诗篇章,"导演: 彼得·杰克逊 Peter Jackson   主演: 伊利亚·伍德 Elijah Wood / 西恩...<br/>
                            2002 / 美国 新西兰 / 剧情 动作 奇幻 冒险",彼得·杰克逊 Peter Jackson   ,2002, 美国 新西兰 , 剧情 动作 奇幻 冒险
https://movie.douban.com/subject/1296736/,https://img2.doubanio.com/view/photo/s_ratio_poster/public/p792376093.jpg,钢琴家,  The Pianist,9.2,405449,音乐能化解仇恨,"导演: 罗曼·波兰斯基 Roman Polanski   主演: 艾德里安·布洛迪 Adrien Brod...<br/>
                            2002 / 法国 德国 英国 波兰 / 剧情 传记 历史 战争 音乐",罗曼·波兰斯基 Roman Polanski   ,2002, 法国 德国 英国 波兰 , 剧情 传记 历史 战争 音乐
https://movie.douban.com/subject/1291843/,https://img1.doubanio.com/view/photo/s_ratio_poster/public/p451926968.jpg,黑客帝国,  The Matrix,9,600143,视觉革命,"导演: 安迪·沃卓斯基 Andy Wachowski / 拉娜·沃卓斯基 Lana Wachowski   主...<br/>
                            1999 / 美国 澳大利亚 / 动作 科幻","安迪·沃卓斯基 Andy Wachowski / 拉娜·沃卓斯基 Lana Wachowski   主...<br/>
                            1999 / 美国 澳大利亚 / 动作 科幻",1999,,
https://movie.douban.com/subject/1291571/,https://img3.doubanio.com/view/photo/s_ratio_poster/public/p1354436051.jpg,指环王1：魔戒再现,  The Lord of the Rings: The Fellowship of the Ring,9,591694,传说的开始,"导演: 彼得·杰克逊 Peter Jackson   主演: 伊利亚·伍德 Elijah Wood / 西恩...<br/>
                            2001 / 新西兰 美国 / 剧情 动作 奇幻 冒险",彼得·杰克逊 Peter Jackson   ,2001, 新西兰 美国 , 剧情 动作 奇幻 冒险
https://movie.douban.com/subject/1900841/,https://img1.doubanio.com/view/photo/s_ratio_poster/public/p1808872109.jpg,窃听风暴,  Das Leben der Anderen,9.1,432602,别样人生,"导演: 弗洛里安·亨克尔·冯·多纳斯马尔克 Florian Henckel von Donnersmarck  &amp;n...<br/>
                            2006 / 德国 / 剧情 悬疑","弗洛里安·亨克尔·冯·多纳斯马尔克 Florian Henckel von Donnersmarck  &amp;n...<br/>
                            2006 / 德国 / 剧情 悬疑",2006,,
https://movie.douban.com/subject/1291818/,https://img3.doubanio.com/view/photo/s_ratio_poster/public/p1910899751.jpg,饮食男女,  飲食男女,9.1,438361,人生不能像做菜，把所有的料都准备好了才下锅,"导演: 李安 Ang Lee   主演: 郎雄 Sihung Lung / 杨贵媚 Kuei-Mei Yang / 吴...<br/>
                            1994 / 中国台湾 美国 / 剧情 家庭",李安 Ang Lee   ,1994, 中国台湾 美国 , 剧情 家庭
https://movie.douban.com/subject/1306029/,https://img3.doubanio.com/view/photo/s_ratio_poster/public/p1665997400.jpg,美丽心灵,  A Beautiful Mind,9,575966,爱是一切逻辑和原由,"导演: 朗·霍华德 Ron Howard   主演: 罗素·克劳 Russell Crowe / 艾德·哈...<br/>
                            2001 / 美国 / 传记 剧情",朗·霍华德 Ron Howard   ,2001, 美国 , 传记 剧情
https://movie.douban.com/subject/1293350/,https://img1.doubanio.com/view/photo/s_ratio_poster/public/p792443418.jpg,两杆大烟枪,"  Lock, Stock and Two Smoking Barrels",9.1,464426,4个臭皮匠顶个诸葛亮，盖·里奇果然不是盖的,"导演: Guy Ritchie   主演: Jason Flemyng / Dexter Fletcher / Nick Moran<br/>
                            1998 / 英国 / 剧情 喜剧 犯罪",Guy Ritchie   ,1998, 英国 , 剧情 喜剧 犯罪
https://movie.douban.com/subject/3742360/,https://img1.doubanio.com/view/photo/s_ratio_poster/public/p1512562287.jpg,让子弹飞, ,8.8,1226499,你给我翻译翻译，神马叫做TMD的惊喜,"导演: 姜文 Wen Jiang   主演: 姜文 Wen Jiang / 葛优 You Ge / 周润发 Yun-F...<br/>
                            2010 / 中国大陆 中国香港 / 剧情 喜剧 动作 西部",姜文 Wen Jiang   ,2010, 中国大陆 中国香港 , 剧情 喜剧 动作 西部
https://movie.douban.com/subject/27060077/,https://img2.doubanio.com/view/photo/s_ratio_poster/public/p2549177902.jpg,绿皮书,  Green Book,8.9,1170341,去除成见，需要勇气,"导演: 彼得·法雷里 Peter Farrelly   主演: 维果·莫腾森 Viggo Mortensen /...<br/>
                            2018 / 美国 / 剧情 喜剧 传记",彼得·法雷里 Peter Farrelly   ,2018, 美国 , 剧情 喜剧 传记
https://movie.douban.com/subject/1292224/,https://img1.doubanio.com/view/photo/s_ratio_poster/public/p792238287.jpg,飞越疯人院,  One Flew Over the Cuckoo's Nest,9.1,449794,自由万岁,"导演: 米洛斯·福尔曼 Miloš Forman   主演: 杰克·尼科尔森 Jack Nichols...<br/>
                            1975 / 美国 / 剧情",米洛斯·福尔曼 Miloš Forman   ,1975, 美国 , 剧情
https://movie.douban.com/subject/1485260/,https://img2.doubanio.com/view/photo/s_ratio_poster/public/p2192535722.jpg,本杰明·巴顿奇事,  The Curious Case of Benjamin Button,8.9,748089,在时间之河里感受溺水之苦,"导演: 大卫·芬奇 David Fincher   主演: 凯特·布兰切特 Cate Blanchett / ...<br/>
                            2008 / 美国 / 剧情 爱情 奇幻",大卫·芬奇 David Fincher   ,2008, 美国 , 剧情 爱情 奇幻
https://movie.douban.com/subject/26580232/,https://img9.doubanio.com/view/photo/s_ratio_poster/public/p2498971355.jpg,看不见的客人,  Contratiempo,8.8,904225,你以为你以为的就是你以为的,"导演: 奥里奥尔·保罗 Oriol Paulo   主演: 马里奥·卡萨斯 Mario Casas / 阿...<br/>
                            2016 / 西班牙 / 剧情 犯罪 悬疑 惊悚",奥里奥尔·保罗 Oriol Paulo   ,2016, 西班牙 , 剧情 犯罪 悬疑 惊悚
https://movie.douban.com/subject/25958717/,https://img9.doubanio.com/view/photo/s_ratio_poster/public/p2554525534.jpg,海蒂和爷爷,  Heidi,9.2,319203,如果生活中有什么使你感到快乐，那就去做吧！不要管别人说什么,"导演: 阿兰·葛斯彭纳 Alain Gsponer   主演: 阿努克·斯特芬 Anuk Steffen /...<br/>
                            2015 / 德国 瑞士 南非 / 剧情 冒险 家庭",阿兰·葛斯彭纳 Alain Gsponer   ,2015, 德国 瑞士 南非 , 剧情 冒险 家庭
https://movie.douban.com/subject/1292402/,https://img1.doubanio.com/view/photo/s_ratio_poster/public/p2441988159.jpg,西西里的美丽传说,  Malèna,8.9,742939,美丽无罪,"导演: 朱塞佩·托纳多雷 Giuseppe Tornatore   主演: 莫妮卡·贝鲁奇 Monica ...<br/>
                            2000 / 意大利 美国 / 剧情 战争 情色",朱塞佩·托纳多雷 Giuseppe Tornatore   ,2000, 意大利 美国 , 剧情 战争 情色
https://movie.douban.com/subject/1292849/,https://img9.doubanio.com/view/photo/s_ratio_poster/public/p1014542496.jpg,拯救大兵瑞恩,  Saving Private Ryan,9,490997,美利坚精神输出大片No1.,"导演: 史蒂文·斯皮尔伯格 Steven Spielberg   主演: 汤姆·汉克斯 Tom Hanks...<br/>
                            1998 / 美国 / 剧情 历史 战争",史蒂文·斯皮尔伯格 Steven Spielberg   ,1998, 美国 , 剧情 历史 战争
https://movie.douban.com/subject/1303021/,https://img9.doubanio.com/view/photo/s_ratio_poster/public/p2165511465.jpg,小鞋子,  بچههای آسمان,9.2,306820,奔跑的孩子是天使,"导演: 马基德·马基迪 Majid Majidi   主演: 法拉赫阿米尔·哈什米安 Amir Fa...<br/>
                            1997 / 伊朗 / 剧情 儿童 家庭",马基德·马基迪 Majid Majidi   ,1997, 伊朗 , 剧情 儿童 家庭
https://movie.douban.com/subject/3008247/,https://img2.doubanio.com/view/photo/s_ratio_poster/public/p1473670352.jpg,穿条纹睡衣的男孩,  The Boy in the Striped Pajamas,9.1,381742,尽管有些不切实际的幻想，这部电影依旧是一部感人肺腑的佳作,"导演: 马克·赫尔曼 Mark Herman   主演: 阿萨·巴特菲尔德 Asa Butterfield ...<br/>
                            2008 / 英国 美国 / 剧情 战争",马克·赫尔曼 Mark Herman   ,2008, 英国 美国 , 剧情 战争
https://movie.douban.com/subject/1292220/,https://img1.doubanio.com/view/photo/s_ratio_poster/public/p449897379.jpg,情书,  Love Letter,8.9,686255,暗恋的极致,"导演: 岩井俊二 Shunji Iwai   主演: 中山美穗 Miho Nakayama / 丰川悦司 Ets...<br/>
                            1995 / 日本 / 剧情 爱情",岩井俊二 Shunji Iwai   ,1995, 日本 , 剧情 爱情
https://movie.douban.com/subject/1294408/,https://img1.doubanio.com/view/photo/s_ratio_poster/public/p453788577.jpg,音乐之声,  The Sound of Music,9,454024,用音乐化解仇恨，让歌声串起美好,"导演: 罗伯特·怀斯 Robert Wise   主演: 朱莉·安德鲁斯 Julie Andrews / 克...<br/>
                            1965 / 美国 / 剧情 传记 爱情 歌舞",罗伯特·怀斯 Robert Wise   ,1965, 美国 , 剧情 传记 爱情 歌舞
https://movie.douban.com/subject/3442220/,https://img1.doubanio.com/view/photo/s_ratio_poster/public/p2559579779.jpg,海豚湾,  The Cove,9.3,296309,海豚的微笑，是世界上最高明的伪装,"导演: 路易·西霍尤斯 Louie Psihoyos   主演: Richard O'Barry / 路易·西霍...<br/>
                            2009 / 美国 / 纪录片",路易·西霍尤斯 Louie Psihoyos   ,2009, 美国 , 纪录片
https://movie.douban.com/subject/1292262/,https://img1.doubanio.com/view/photo/s_ratio_poster/public/p477229647.jpg,美国往事,  Once Upon a Time in America,9.2,318408,往事如烟，无处祭奠,"导演: 赛尔乔·莱翁内 Sergio Leone   主演: 罗伯特·德尼罗 Robert De Niro ...<br/>
                            1984 / 美国 意大利 / 犯罪 剧情",赛尔乔·莱翁内 Sergio Leone   ,1984, 美国 意大利 , 犯罪 剧情
https://movie.douban.com/subject/1780330/,https://img9.doubanio.com/view/photo/s_ratio_poster/public/p480383375.jpg,致命魔术,  The Prestige,8.9,655595,孪生蝙蝠侠大战克隆金刚狼,"导演: 克里斯托弗·诺兰 Christopher Nolan   主演: 休·杰克曼 Hugh Jackman...<br/>
                            2006 / 英国 美国 / 剧情 悬疑 惊悚",克里斯托弗·诺兰 Christopher Nolan   ,2006, 英国 美国 , 剧情 悬疑 惊悚
https://movie.douban.com/subject/1291832/,https://img2.doubanio.com/view/photo/s_ratio_poster/public/p1910902213.jpg,低俗小说,  Pulp Fiction,8.9,633130,故事的高级讲法,"导演: 昆汀·塔伦蒂诺 Quentin Tarantino   主演: 约翰·特拉沃尔塔 John Tra...<br/>
                            1994 / 美国 / 剧情 喜剧 犯罪",昆汀·塔伦蒂诺 Quentin Tarantino   ,1994, 美国 , 剧情 喜剧 犯罪
https://movie.douban.com/subject/1293544/,https://img1.doubanio.com/view/photo/s_ratio_poster/public/p1593414327.jpg,沉默的羔羊,  The Silence of the Lambs,8.8,643907,安东尼·霍普金斯的顶级表演,"导演: 乔纳森·戴米 Jonathan Demme   主演: 朱迪·福斯特 Jodie Foster / 安...<br/>
                            1991 / 美国 / 剧情 犯罪 惊悚",乔纳森·戴米 Jonathan Demme   ,1991, 美国 , 剧情 犯罪 惊悚
https://movie.douban.com/subject/1292223/,https://img9.doubanio.com/view/photo/s_ratio_poster/public/p2219586434.jpg,七宗罪,  Se7en,8.8,741471,警察抓小偷，老鼠玩死猫,"导演: 大卫·芬奇 David Fincher   主演: 摩根·弗里曼 Morgan Freeman / 布...<br/>
                            1995 / 美国 / 剧情 犯罪 悬疑 惊悚",大卫·芬奇 David Fincher   ,1995, 美国 , 剧情 犯罪 悬疑 惊悚
https://movie.douban.com/subject/2334904/,https://img1.doubanio.com/view/photo/s_ratio_poster/public/p1832875827.jpg,禁闭岛,  Shutter Island,8.8,716146,昔日翩翩少年，今日大腹便便,"导演: Martin Scorsese   主演: 莱昂纳多·迪卡普里奥 Leonardo DiCaprio / ...<br/>
                            2010 / 美国 / 剧情 悬疑 惊悚",Martin Scorsese   ,2010, 美国 , 剧情 悬疑 惊悚
https://movie.douban.com/subject/1292343/,https://img1.doubanio.com/view/photo/s_ratio_poster/public/p2209066019.jpg,蝴蝶效应,  The Butterfly Effect,8.8,709330,人的命运被自己瞬间的抉择改变,"导演: 埃里克·布雷斯 Eric Bress / J·麦基·格鲁伯 J. Mackye Gruber   主...<br/>
                            2004 / 美国 加拿大 / 剧情 悬疑 科幻 惊悚","埃里克·布雷斯 Eric Bress / J·麦基·格鲁伯 J. Mackye Gruber   主...<br/>
                            2004 / 美国 加拿大 / 剧情 悬疑 科幻 惊悚",2004,,
https://movie.douban.com/subject/1292656/,https://img9.doubanio.com/view/photo/s_ratio_poster/public/p480965695.jpg,心灵捕手,  Good Will Hunting,8.9,533037,人生中应该拥有这样的一段豁然开朗,"导演: 格斯·范·桑特 Gus Van Sant   主演: 马特·达蒙 Matt Damon / 罗宾·...<br/>
                            1997 / 美国 / 剧情",格斯·范·桑特 Gus Van Sant   ,1997, 美国 , 剧情
https://movie.douban.com/subject/11525673/,https://img2.doubanio.com/view/photo/s_ratio_poster/public/p2178872593.jpg,布达佩斯大饭店,  The Grand Budapest Hotel,8.8,673072,小清新的故事里注入了大历史的情怀,"导演: 韦斯·安德森 Wes Anderson   主演: 拉尔夫·费因斯 Ralph Fiennes / ...<br/>
                            2014 / 美国 德国 英国 / 剧情 喜剧 冒险",韦斯·安德森 Wes Anderson   ,2014, 美国 德国 英国 , 剧情 喜剧 冒险
https://movie.douban.com/subject/1292679/,https://img3.doubanio.com/view/photo/s_ratio_poster/public/p465939041.jpg,春光乍泄,  春光乍洩,8.9,476006,爱情纠缠，男女一致,"导演: 王家卫 Kar Wai Wong   主演: 张国荣 Leslie Cheung / 梁朝伟 Tony Leu...<br/>
                            1997 / 中国香港 日本 韩国 / 剧情 爱情 同性",王家卫 Kar Wai Wong   ,1997, 中国香港 日本 韩国 , 剧情 爱情 同性
https://movie.douban.com/subject/1787291/,https://img9.doubanio.com/view/photo/s_ratio_poster/public/p884763596.jpg,被嫌弃的松子的一生,  嫌われ松子の一生,8.9,565135,以戏谑来戏谑戏谑,"导演: 中岛哲也 Tetsuya Nakashima   主演: 中谷美纪 Miki Nakatani / 瑛太 E...<br/>
                            2006 / 日本 / 剧情 歌舞",中岛哲也 Tetsuya Nakashima   ,2006, 日本 , 剧情 歌舞
https://movie.douban.com/subject/1294371/,https://img1.doubanio.com/view/photo/s_ratio_poster/public/p2263408369.jpg,摩登时代,  Modern Times,9.3,215236,大时代中的人生，小人物的悲喜,"导演: 查理·卓别林 Charles Chaplin   主演: 查理·卓别林 Charles Chaplin ...<br/>
                            1936 / 美国 / 剧情 喜剧 爱情",查理·卓别林 Charles Chaplin   ,1936, 美国 , 剧情 喜剧 爱情
https://movie.douban.com/subject/1652587/,https://img1.doubanio.com/view/photo/s_ratio_poster/public/p2180085848.jpg,阿凡达,  Avatar,8.7,1003782,绝对意义上的美轮美奂,"导演: 詹姆斯·卡梅隆 James Cameron   主演: 萨姆·沃辛顿 Sam Worthington ...<br/>
                            2009 / 美国 英国 / 动作 科幻 冒险",詹姆斯·卡梅隆 James Cameron   ,2009, 美国 英国 , 动作 科幻 冒险
https://movie.douban.com/subject/3011235/,https://img2.doubanio.com/view/photo/s_ratio_poster/public/p917846733.jpg,哈利·波特与死亡圣器(下),  Harry Potter and the Deathly Hallows: Part 2,8.9,581426,10年的完美句点,"导演: 大卫·叶茨 David Yates   主演: 丹尼尔·雷德克里夫 Daniel Radcliffe...<br/>
                            2011 / 美国 英国 / 奇幻 冒险",大卫·叶茨 David Yates   ,2011, 美国 英国 , 奇幻 冒险
https://movie.douban.com/subject/1292370/,https://img1.doubanio.com/view/photo/s_ratio_poster/public/p480956937.jpg,剪刀手爱德华,  Edward Scissorhands,8.7,845869,浪漫忧郁的成人童话,"导演: 蒂姆·波顿 Tim Burton   主演: 约翰尼·德普 Johnny Depp / 薇诺娜·...<br/>
                            1990 / 美国 / 剧情 奇幻 爱情",蒂姆·波顿 Tim Burton   ,1990, 美国 , 剧情 奇幻 爱情
https://movie.douban.com/subject/1302425/,https://img1.doubanio.com/view/photo/s_ratio_poster/public/p2579932167.jpg,喜剧之王,  喜劇之王,8.8,719088,我是一个演员,"导演: 周星驰 Stephen Chow / 李力持 Lik-Chi Lee   主演: 周星驰 Stephen Ch...<br/>
                            1999 / 中国香港 / 喜剧 剧情 爱情",周星驰 Stephen Chow / 李力持 Lik-Chi Lee   ,1999, 中国香港 , 喜剧 剧情 爱情
https://movie.douban.com/subject/1294639/,https://img1.doubanio.com/view/photo/s_ratio_poster/public/p2004174709.jpg,勇敢的心,  Braveheart,8.9,464580,史诗大片的典范,"导演: 梅尔·吉布森 Mel Gibson   主演: 梅尔·吉布森 Mel Gibson / 苏菲·玛...<br/>
                            1995 / 美国 / 动作 传记 剧情 历史 战争",梅尔·吉布森 Mel Gibson   ,1995, 美国 , 动作 传记 剧情 历史 战争
https://movie.douban.com/subject/1297192/,https://img9.doubanio.com/view/photo/s_ratio_poster/public/p2558364386.jpg,致命ID,  Identity,8.8,604339,最不可能的那个人永远是最可能的,"导演: 詹姆斯·曼高德 James Mangold   主演: 约翰·库萨克 John Cusack / 雷...<br/>
                            2003 / 美国 / 剧情 悬疑 惊悚",詹姆斯·曼高德 James Mangold   ,2003, 美国 , 剧情 悬疑 惊悚
https://movie.douban.com/subject/1298070/,https://img9.doubanio.com/view/photo/s_ratio_poster/public/p1596085504.jpg,加勒比海盗,  Pirates of the Caribbean: The Curse of the Black Pearl,8.8,669389,约翰尼·德普的独角戏,"导演: 戈尔·维宾斯基 Gore Verbinski   主演: 约翰尼·德普 Johnny Depp / ...<br/>
                            2003 / 美国 / 动作 冒险 奇幻",戈尔·维宾斯基 Gore Verbinski   ,2003, 美国 , 动作 冒险 奇幻
https://movie.douban.com/subject/1300299/,https://img3.doubanio.com/view/photo/s_ratio_poster/public/p657823840.jpg,杀人回忆,  살인의 추억,8.8,507130,关于连环杀人悬案的集体回忆,"导演: 奉俊昊 Joon-ho Bong   主演: 宋康昊 Kang-ho Song / 金相庆 Sang-kyun...<br/>
                            2003 / 韩国 / 剧情 动作 犯罪 悬疑 惊悚",奉俊昊 Joon-ho Bong   ,2003, 韩国 , 剧情 动作 犯罪 悬疑 惊悚
https://movie.douban.com/subject/1292215/,https://img2.doubanio.com/view/photo/s_ratio_poster/public/p2447590313.jpg,天使爱美丽,  Le fabuleux destin d'Amélie Poulain,8.7,803437,法式小清新 ,"导演: 让-皮埃尔·热内 Jean-Pierre Jeunet   主演: 奥黛丽·塔图 Audrey Tau...<br/>
                            2001 / 法国 德国 / 喜剧 爱情",让-皮埃尔·热内 Jean-Pierre Jeunet   ,2001, 法国 德国 , 喜剧 爱情
https://movie.douban.com/subject/6985810/,https://img1.doubanio.com/view/photo/s_ratio_poster/public/p1546987967.jpg,狩猎,  Jagten,9.1,276527,人言可畏,"导演: 托马斯·温特伯格 Thomas Vinterberg   主演: 麦斯·米科尔森 Mads Mik...<br/>
                            2012 / 丹麦 瑞典 / 剧情",托马斯·温特伯格 Thomas Vinterberg   ,2012, 丹麦 瑞典 , 剧情
https://movie.douban.com/subject/1418834/,https://img1.doubanio.com/view/photo/s_ratio_poster/public/p2604889017.jpg,断背山,  Brokeback Mountain,8.8,562666,每个人心中都有一座断背山,"导演: 李安 Ang Lee   主演: 希斯·莱杰 Heath Ledger / 杰克·吉伦哈尔 Jake...<br/>
                            2005 / 美国 加拿大 / 剧情 爱情 同性 家庭",李安 Ang Lee   ,2005, 美国 加拿大 , 剧情 爱情 同性 家庭
https://movie.douban.com/subject/26799731/,https://img3.doubanio.com/view/photo/s_ratio_poster/public/p2505525050.jpg,请以你的名字呼唤我,  Call Me by Your Name,8.9,495548,沉醉在电影的情感和视听氛围中无法自拔,"导演: 卢卡·瓜达尼诺 Luca Guadagnino   主演: 艾米·汉莫 Armie Hammer / ...<br/>
                            2017 / 意大利 法国 巴西 美国 荷兰 德国 / 剧情 爱情 同性",卢卡·瓜达尼诺 Luca Guadagnino   ,2017, 意大利 法国 巴西 美国 荷兰 德国 , 剧情 爱情 同性
https://movie.douban.com/subject/10777687/,https://img9.doubanio.com/view/photo/s_ratio_poster/public/p1816276065.jpg,7号房的礼物,  7번방의 선물,8.9,404386,《我是山姆》的《美丽人生》,"导演: 李焕庆 Hwan-kyeong Lee   主演: 柳承龙 Seung-yong Ryoo / 朴信惠 Shi...<br/>
                            2013 / 韩国 / 剧情 喜剧 家庭",李焕庆 Hwan-kyeong Lee   ,2013, 韩国 , 剧情 喜剧 家庭
https://movie.douban.com/subject/1297359/,https://img9.doubanio.com/view/photo/s_ratio_poster/public/p1613191025.jpg,幽灵公主,  もののけ姫,8.9,414493,人与自然的战争史诗,"导演: 宫崎骏 Hayao Miyazaki   主演: 松田洋治 Yôji Matsuda / 石田百合...<br/>
                            1997 / 日本 / 动画 奇幻 冒险",宫崎骏 Hayao Miyazaki   ,1997, 日本 , 动画 奇幻 冒险
https://movie.douban.com/subject/1865703/,https://img3.doubanio.com/view/photo/s_ratio_poster/public/p456825720.jpg,红辣椒,  パプリカ,9,310558,梦的勾结,"导演: 今敏 Satoshi Kon   主演: 林原惠美 Megumi Hayashibara / 江守彻 Toru...<br/>
                            2006 / 日本 / 动画 悬疑 科幻 惊悚",今敏 Satoshi Kon   ,2006, 日本 , 动画 悬疑 科幻 惊悚
https://movie.douban.com/subject/25814705/,https://img2.doubanio.com/view/photo/s_ratio_poster/public/p2564498893.jpg,小森林 夏秋篇,  リトル・フォレスト 夏・秋,9,321060,那些静得只能听见呼吸的日子里，你明白孤独即生活,"导演: 森淳一 Junichi Mori   主演: 桥本爱 Ai Hashimoto / 三浦贵大 Takahir...<br/>
                            2014 / 日本 / 剧情",森淳一 Junichi Mori   ,2014, 日本 , 剧情
https://movie.douban.com/subject/1291875/,https://img9.doubanio.com/view/photo/s_ratio_poster/public/p2564685215.jpg,阳光灿烂的日子, ,8.8,477841,一场华丽的意淫,"导演: 姜文 Wen Jiang   主演: 夏雨 Yu Xia / 宁静 Jing Ning / 陶虹 Hong Tao<br/>
                            1994 / 中国大陆 中国香港 / 剧情 爱情",姜文 Wen Jiang   ,1994, 中国大陆 中国香港 , 剧情 爱情
https://movie.douban.com/subject/1297630/,https://img9.doubanio.com/view/photo/s_ratio_poster/public/p2220184425.jpg,第六感,  The Sixth Sense,8.9,416996,深入内心的恐怖，出人意料的结局,"导演: M·奈特·沙马兰 M. Night Shyamalan   主演: 布鲁斯·威利斯 Bruce Wi...<br/>
                            1999 / 美国 / 剧情 悬疑 惊悚",M·奈特·沙马兰 M. Night Shyamalan   ,1999, 美国 , 剧情 悬疑 惊悚
https://movie.douban.com/subject/1291999/,https://img3.doubanio.com/view/photo/s_ratio_poster/public/p792381411.jpg,重庆森林,  重慶森林,8.7,603935,寂寞没有期限,"导演: 王家卫 Kar Wai Wong   主演: 林青霞 Brigitte Lin / 金城武 Takeshi K...<br/>
                            1994 / 中国香港 / 剧情 爱情",王家卫 Kar Wai Wong   ,1994, 中国香港 , 剧情 爱情
https://movie.douban.com/subject/2149806/,https://img1.doubanio.com/view/photo/s_ratio_poster/public/p1583839859.jpg,入殓师,  おくりびと,8.8,463453,死可能是一道门，逝去并不是终结，而是超越，走向下一程,"导演: 泷田洋二郎 Yôjirô Takita   主演: 本木雅弘 Masahiro Motoki / ...<br/>
                            2008 / 日本 / 剧情",泷田洋二郎 Yôjirô Takita   ,2008, 日本 , 剧情
https://movie.douban.com/subject/25814707/,https://img1.doubanio.com/view/photo/s_ratio_poster/public/p2215147728.jpg,小森林 冬春篇,  リトル・フォレスト 冬・春,9,285002,尊敬他人，尊敬你生活的这片土地，明白孤独是人生的常态,"导演: 森淳一 Junichi Mori   主演: 桥本爱 Ai Hashimoto / 三浦贵大 Takahir...<br/>
                            2015 / 日本 / 剧情",森淳一 Junichi Mori   ,2015, 日本 , 剧情
https://movie.douban.com/subject/21318488/,https://img9.doubanio.com/view/photo/s_ratio_poster/public/p2221768894.jpg,消失的爱人,  Gone Girl,8.7,683767,年度最佳date movie,"导演: 大卫·芬奇 David Fincher   主演: 本·阿弗莱克 Ben Affleck / 罗莎蒙...<br/>
                            2014 / 美国 / 剧情 犯罪 悬疑 惊悚",大卫·芬奇 David Fincher   ,2014, 美国 , 剧情 犯罪 悬疑 惊悚
https://movie.douban.com/subject/1296339/,https://img9.doubanio.com/view/photo/s_ratio_poster/public/p2555762374.jpg,爱在黎明破晓前,  Before Sunrise,8.8,458806,缘分是个连绵词，最美不过一瞬,"导演: 理查德·林克莱特 Richard Linklater   主演: 伊桑·霍克 Ethan Hawke ...<br/>
                            1995 / 美国 奥地利 瑞士 / 剧情 爱情",理查德·林克莱特 Richard Linklater   ,1995, 美国 奥地利 瑞士 , 剧情 爱情
https://movie.douban.com/subject/1306249/,https://img9.doubanio.com/view/photo/s_ratio_poster/public/p2357915564.jpg,唐伯虎点秋香,  唐伯虎點秋香,8.6,784777,华太师是黄霑，吴镇宇四大才子之一,"导演: 李力持 Lik-Chi Lee   主演: 周星驰 Stephen Chow / 巩俐 Li Gong / 陈...<br/>
                            1993 / 中国香港 / 喜剧 爱情 古装",李力持 Lik-Chi Lee   ,1993, 中国香港 , 喜剧 爱情 古装
https://movie.douban.com/subject/1292434/,https://img2.doubanio.com/view/photo/s_ratio_poster/public/p2567845803.jpg,一一, ,9,269986,我们都曾经是一一,"导演: 杨德昌 Edward Yang   主演: 吴念真 / 李凯莉 Kelly Lee / 金燕玲 Elai...<br/>
                            2000 / 中国台湾 日本 / 剧情 爱情 家庭",杨德昌 Edward Yang   ,2000, 中国台湾 日本 , 剧情 爱情 家庭
https://movie.douban.com/subject/3395373/,https://img9.doubanio.com/view/photo/s_ratio_poster/public/p1706428744.jpg,蝙蝠侠：黑暗骑士崛起,  The Dark Knight Rises,8.8,546585,诺兰就是保证,"导演: 克里斯托弗·诺兰 Christopher Nolan   主演: 克里斯蒂安·贝尔 Christ...<br/>
                            2012 / 美国 英国 / 剧情 动作 科幻 犯罪 惊悚",克里斯托弗·诺兰 Christopher Nolan   ,2012, 美国 英国 , 剧情 动作 科幻 犯罪 惊悚
https://movie.douban.com/subject/1293359/,https://img9.doubanio.com/view/photo/s_ratio_poster/public/p2620392435.jpg,菊次郎的夏天,  菊次郎の夏,8.8,423264,从没见过那么流氓的温柔，从没见过那么温柔的流氓,"导演: 北野武 Takeshi Kitano   主演: 北野武 Takeshi Kitano / 关口雄介 Yus...<br/>
                            1999 / 日本 / 剧情 喜剧",北野武 Takeshi Kitano   ,1999, 日本 , 剧情 喜剧
https://movie.douban.com/subject/5322596/,https://img3.doubanio.com/view/photo/s_ratio_poster/public/p1305562621.jpg,超脱,  Detachment,8.9,357562,穷尽一生，我们要学会的，不过是彼此拥抱,"导演: 托尼·凯耶 Tony Kaye   主演: 艾德里安·布洛迪 Adrien Brody / 马西...<br/>
                            2011 / 美国 / 剧情",托尼·凯耶 Tony Kaye   ,2011, 美国 , 剧情
https://movie.douban.com/subject/1297052/,https://img2.doubanio.com/view/photo/s_ratio_poster/public/p456692072.jpg,侧耳倾听,  耳をすませば,8.9,350231,少女情怀总是诗,"导演: 近藤喜文 Yoshifumi Kondo   主演: 本名阳子 Youko Honna / 小林桂树 K...<br/>
                            1995 / 日本 / 剧情 爱情 动画",近藤喜文 Yoshifumi Kondo   ,1995, 日本 , 剧情 爱情 动画
https://movie.douban.com/subject/1297447/,https://img9.doubanio.com/view/photo/s_ratio_poster/public/p2414157745.jpg,倩女幽魂, ,8.7,552961,两张绝世的脸 ,"导演: 程小东 Siu-Tung Ching   主演: 张国荣 Leslie Cheung / 王祖贤 Joey W...<br/>
                            1987 / 中国香港 / 爱情 奇幻 武侠 古装",程小东 Siu-Tung Ching   ,1987, 中国香港 , 爱情 奇幻 武侠 古装
https://movie.douban.com/subject/1292337/,https://img2.doubanio.com/view/photo/s_ratio_poster/public/p661160053.jpg,无人知晓,  誰も知らない,9.1,213451,我的平常生活就是他人的幸福,"导演: 是枝裕和 Hirokazu Koreeda   主演: 柳乐优弥 Yûya Yagira / 北浦爱...<br/>
                            2004 / 日本 / 剧情",是枝裕和 Hirokazu Koreeda   ,2004, 日本 , 剧情
https://movie.douban.com/subject/11026735/,https://img2.doubanio.com/view/photo/s_ratio_poster/public/p2614500883.jpg,超能陆战队,  Big Hero 6,8.7,759028,Balalala~~~,"导演: 唐·霍尔 Don Hall / 克里斯·威廉姆斯 Chris Williams   主演: 斯科特...<br/>
                            2014 / 美国 / 喜剧 动作 科幻 动画 冒险",唐·霍尔 Don Hall / 克里斯·威廉姆斯 Chris Williams   ,2014, 美国 , 喜剧 动作 科幻 动画 冒险
https://movie.douban.com/subject/3072124/,https://img9.doubanio.com/view/photo/s_ratio_poster/public/p2162822165.jpg,玛丽和马克思,  Mary and Max,8.9,346947,你是我最好的朋友，你是我唯一的朋友 ,"导演: 亚当·艾略特 Adam Elliot   主演: 托妮·科莱特 Toni Collette / 菲利...<br/>
                            2009 / 澳大利亚 / 剧情 喜剧 动画",亚当·艾略特 Adam Elliot   ,2009, 澳大利亚 , 剧情 喜剧 动画
https://movie.douban.com/subject/1305164/,https://img9.doubanio.com/view/photo/s_ratio_poster/public/p2223011274.jpg,甜蜜蜜, ,8.8,395418,相逢只要一瞬间，等待却像是一辈子,"导演: 陈可辛 Peter Chan   主演: 黎明 Leon Lai / 张曼玉 Maggie Cheung / ...<br/>
                            1996 / 中国香港 / 剧情 爱情",陈可辛 Peter Chan   ,1996, 中国香港 , 剧情 爱情
https://movie.douban.com/subject/5989818/,https://img2.doubanio.com/view/photo/s_ratio_poster/public/p1675053073.jpg,萤火之森,  蛍火の杜へ,8.9,383590,触不到的恋人,"导演: 大森贵弘 Takahiro Omori   主演: 佐仓绫音 Ayane Sakura / 内山昂辉 K...<br/>
                            2011 / 日本 / 剧情 爱情 动画 奇幻",大森贵弘 Takahiro Omori   ,2011, 日本 , 剧情 爱情 动画 奇幻
https://movie.douban.com/subject/4202302/,https://img9.doubanio.com/view/photo/s_ratio_poster/public/p617533616.jpg,借东西的小人阿莉埃蒂,  借りぐらしのアリエッティ,8.8,413335,曾经的那段美好会沉淀为一辈子的记忆,"导演: 米林宏昌 Hiromasa Yonebayashi   主演: 志田未来 Mirai Shida / 神木...<br/>
                            2010 / 日本 / 动画 奇幻 冒险",米林宏昌 Hiromasa Yonebayashi   ,2010, 日本 , 动画 奇幻 冒险
https://movie.douban.com/subject/4268598/,https://img9.doubanio.com/view/photo/s_ratio_poster/public/p689520756.jpg,告白, ,8.7,557241,没有一人完全善，也没有一人完全恶,"导演: 中岛哲也 Tetsuya Nakashima   主演: 松隆子 Takako Matsu / 冈田将生 ...<br/>
                            2010 / 日本 / 剧情 惊悚",中岛哲也 Tetsuya Nakashima   ,2010, 日本 , 剧情 惊悚
https://movie.douban.com/subject/2353023/,https://img9.doubanio.com/view/photo/s_ratio_poster/public/p2210954024.jpg,驯龙高手,  How to Train Your Dragon,8.7,581689,和谐的生活离不开摸头与被摸头,"导演: 迪恩·德布洛斯 Dean DeBlois / 克里斯·桑德斯 Chris Sanders   主演:...<br/>
                            2010 / 美国 / 动画 奇幻 冒险","迪恩·德布洛斯 Dean DeBlois / 克里斯·桑德斯 Chris Sanders   主演:...<br/>
                            2010 / 美国 / 动画 奇幻 冒险",2010,,
https://movie.douban.com/subject/1291545/,https://img9.doubanio.com/view/photo/s_ratio_poster/public/p692813374.jpg,大鱼,  Big Fish,8.8,443335,抱着梦想而活着的人是幸福的，怀抱梦想而死去的人是不朽的,"导演: 蒂姆·波顿 Tim Burton   主演: 伊万·麦克格雷格 Ewan McGregor / 阿...<br/>
                            2003 / 美国 / 剧情 家庭 奇幻 冒险",蒂姆·波顿 Tim Burton   ,2003, 美国 , 剧情 家庭 奇幻 冒险
https://movie.douban.com/subject/4917726/,https://img1.doubanio.com/view/photo/s_ratio_poster/public/p1374786017.jpg,阳光姐妹淘,  써니,8.8,479091,再多各自牛逼的时光，也比不上一起傻逼的岁月 ,"导演: 姜炯哲 Hyeong-Cheol Kang   主演: 沈恩京 Eun-kyung Shim / 闵孝琳 Hy...<br/>
                            2011 / 韩国 / 剧情 喜剧",姜炯哲 Hyeong-Cheol Kang   ,2011, 韩国 , 剧情 喜剧
https://movie.douban.com/subject/1291990/,https://img1.doubanio.com/view/photo/s_ratio_poster/public/p2561542458.jpg,爱在日落黄昏时,  Before Sunset,8.8,385970,九年后的重逢是世俗和责任的交叠，没了悸动和青涩，沧桑而温暖,"导演: 理查德·林克莱特 Richard Linklater   主演: 伊桑·霍克 Ethan Hawke ...<br/>
                            2004 / 美国 法国 / 剧情 爱情",理查德·林克莱特 Richard Linklater   ,2004, 美国 法国 , 剧情 爱情
https://movie.douban.com/subject/1292274/,https://img1.doubanio.com/view/photo/s_ratio_poster/public/p854757687.jpg,幸福终点站,  The Terminal,8.8,413938,有时候幸福需要等一等 ,"导演: 史蒂文·斯皮尔伯格 Steven Spielberg   主演: 汤姆·汉克斯 Tom Hanks...<br/>
                            2004 / 美国 / 喜剧 剧情 爱情",史蒂文·斯皮尔伯格 Steven Spielberg   ,2004, 美国 , 喜剧 剧情 爱情
https://movie.douban.com/subject/1291543/,https://img1.doubanio.com/view/photo/s_ratio_poster/public/p2219011938.jpg,功夫, ,8.6,741537,警恶惩奸，维护世界和平这个任务就交给你了，好吗？,"导演: 周星驰 Stephen Chow   主演: 周星驰 Stephen Chow / 元秋 Qiu Yuen / ...<br/>
                            2004 / 中国大陆 中国香港 / 动作 喜剧 犯罪 奇幻",周星驰 Stephen Chow   ,2004, 中国大陆 中国香港 , 动作 喜剧 犯罪 奇幻
https://movie.douban.com/subject/1316510/,https://img9.doubanio.com/view/photo/s_ratio_poster/public/p2609063925.jpg,射雕英雄传之东成西就,  射鵰英雄傳之東成西就,8.7,495776,百看不厌 ,"导演: 刘镇伟 Jeffrey Lau   主演: 梁朝伟 Tony Leung Chiu Wai / 林青霞 Bri...<br/>
                            1993 / 中国香港 / 喜剧 奇幻 武侠 古装",刘镇伟 Jeffrey Lau   ,1993, 中国香港 , 喜剧 奇幻 武侠 古装
https://movie.douban.com/subject/26874505/,https://img2.doubanio.com/view/photo/s_ratio_poster/public/p2544912792.jpg,人生果实,  人生フルーツ,9.5,113216,土壤没有落叶不会肥沃，没有了你就不算人生,"导演: 伏原健之 Kenshi Fushihara   主演: 津端修一 Shûichi Tsubata / 津...<br/>
                            2017 / 日本 / 纪录片",伏原健之 Kenshi Fushihara   ,2017, 日本 , 纪录片
https://movie.douban.com/subject/1300992/,https://img1.doubanio.com/view/photo/s_ratio_poster/public/p2190556408.jpg,完美的世界,  A Perfect World,9.1,201853,坏人的好总是比好人的好来得更感人,"导演: 克林特·伊斯特伍德 Clint Eastwood   主演: 凯文·科斯特纳 Kevin Cos...<br/>
                            1993 / 美国 / 剧情 犯罪",克林特·伊斯特伍德 Clint Eastwood   ,1993, 美国 , 剧情 犯罪
https://movie.douban.com/subject/21360417/,https://img9.doubanio.com/view/photo/s_ratio_poster/public/p2016930906.jpg,恐怖直播,  더 테러 라이브,8.8,487557,恐怖分子的“秋菊打官司”,"导演: 金秉祐 Byeong-woo Kim   主演: 河正宇 Jung-woo Ha / 李璟荣 Kyeong-y...<br/>
                            2013 / 韩国 / 剧情 犯罪 悬疑",金秉祐 Byeong-woo Kim   ,2013, 韩国 , 剧情 犯罪 悬疑
https://movie.douban.com/subject/1291579/,https://img1.doubanio.com/view/photo/s_ratio_poster/public/p2513247938.jpg,怪兽电力公司,"  Monsters, Inc.",8.7,493294,不要给它起名字，起了名字就有感情了,"导演: 彼特·道格特 Pete Docter / 大卫·斯沃曼 David Silverman   主演: 约...<br/>
                            2001 / 美国 / 儿童 喜剧 动画 奇幻 冒险",彼特·道格特 Pete Docter / 大卫·斯沃曼 David Silverman   ,2001, 美国 , 儿童 喜剧 动画 奇幻 冒险
https://movie.douban.com/subject/3287562/,https://img1.doubanio.com/view/photo/s_ratio_poster/public/p792776858.jpg,神偷奶爸,  Despicable Me,8.6,746014,Mr. I Don't Care其实也有Care的时候,"导演: 皮艾尔·柯芬 Pierre Coffin / 克里斯·雷纳德 Chris Renaud   主演: ...<br/>
                            2010 / 美国 法国 / 喜剧 动画 冒险",皮艾尔·柯芬 Pierre Coffin / 克里斯·雷纳德 Chris Renaud   ,2010, 美国 法国 , 喜剧 动画 冒险
https://movie.douban.com/subject/1428581/,https://img1.doubanio.com/view/photo/s_ratio_poster/public/p2515539487.jpg,天书奇谭, ,9.2,166464,传奇的年代，醉人的童话,"导演: 王树忱 Shuchen Wang / 钱运达 Yunda Qian   主演: 丁建华 Jianhua Din...<br/>
                            1983(中国大陆) / 中国大陆 / 动画 奇幻",王树忱 Shuchen Wang / 钱运达 Yunda Qian   ,1983, 中国大陆 , 动画 奇幻
https://movie.douban.com/subject/1291544/,https://img1.doubanio.com/view/photo/s_ratio_poster/public/p1910812549.jpg,哈利·波特与阿兹卡班的囚徒,  Harry Potter and the Prisoner of Azkaban,8.7,447891,不一样的导演，不一样的哈利·波特,"导演: Alfonso Cuarón   主演: 丹尼尔·雷德克里夫 Daniel Radcliffe / Emma...<br/>
                            2004 / 英国 美国 / 奇幻 冒险",Alfonso Cuarón   ,2004, 英国 美国 , 奇幻 冒险
https://movie.douban.com/subject/1858711/,https://img1.doubanio.com/view/photo/s_ratio_poster/public/p1283675359.jpg,玩具总动员3,  Toy Story 3,8.8,382206,跨度十五年的欢乐与泪水,"导演: 李·昂克里奇 Lee Unkrich   主演: 汤姆·汉克斯 Tom Hanks / 蒂姆·艾...<br/>
                            2010 / 美国 / 喜剧 动画 奇幻 冒险",李·昂克里奇 Lee Unkrich   ,2010, 美国 , 喜剧 动画 奇幻 冒险
https://movie.douban.com/subject/1418200/,https://img1.doubanio.com/view/photo/s_ratio_poster/public/p2016401659.jpg,傲慢与偏见,  Pride &amp; Prejudice,8.6,586572,爱是摈弃傲慢与偏见之后的曙光,"导演: 乔·怀特 Joe Wright   主演: 凯拉·奈特莉 Keira Knightley / 马修·...<br/>
                            2005 / 法国 英国 美国 / 剧情 爱情",乔·怀特 Joe Wright   ,2005, 法国 英国 美国 , 剧情 爱情
https://movie.douban.com/subject/26325320/,https://img1.doubanio.com/view/photo/s_ratio_poster/public/p2398141939.jpg,血战钢锯岭,  Hacksaw Ridge,8.7,614344,优秀的战争片不会美化战场，不会粉饰死亡，不会矮化敌人，不会无视常识，最重要的，不会宣扬战争,"导演: 梅尔·吉布森 Mel Gibson   主演: 安德鲁·加菲尔德 Andrew Garfield /...<br/>
                            2016 / 美国 澳大利亚 / 剧情 传记 历史 战争",梅尔·吉布森 Mel Gibson   ,2016, 美国 澳大利亚 , 剧情 传记 历史 战争
https://movie.douban.com/subject/1294240/,https://img3.doubanio.com/view/photo/s_ratio_poster/public/p2169664351.jpg,教父3,  The Godfather: Part III,8.9,264802,任何信念的力量，都无法改变命运,"导演: 弗朗西斯·福特·科波拉 Francis Ford Coppola   主演: 阿尔·帕西诺 A...<br/>
                            1990 / 美国 / 剧情 犯罪",弗朗西斯·福特·科波拉 Francis Ford Coppola   ,1990, 美国 , 剧情 犯罪
https://movie.douban.com/subject/10577869/,https://img9.doubanio.com/view/photo/s_ratio_poster/public/p2070153774.jpg,时空恋旅人,  About Time,8.7,424802,把每天当作最后一天般珍惜度过，积极拥抱生活，就是幸福,"导演: 理查德·柯蒂斯 Richard Curtis   主演: 多姆纳尔·格里森 Domhnall Gl...<br/>
                            2013 / 英国 / 喜剧 爱情 奇幻",理查德·柯蒂斯 Richard Curtis   ,2013, 英国 , 喜剧 爱情 奇幻
https://movie.douban.com/subject/25986180/,https://img1.doubanio.com/view/photo/s_ratio_poster/public/p2360940399.jpg,釜山行,  부산행,8.5,880119,揭露人性的丧尸题材力作,"导演: 延尚昊 Sang-ho Yeon   主演: 孔侑 Yoo Gong / 郑有美 Yu-mi Jung / 马...<br/>
                            2016 / 韩国 / 动作 惊悚 灾难",延尚昊 Sang-ho Yeon   ,2016, 韩国 , 动作 惊悚 灾难
https://movie.douban.com/subject/1291585/,https://img2.doubanio.com/view/photo/s_ratio_poster/public/p1917567652.jpg,风之谷,  風の谷のナウシカ,8.9,292253,动画片的圣经,"导演: 宫崎骏 Hayao Miyazaki   主演: 岛本须美 Sumi Shimamoto / 松田洋治 Y...<br/>
                            1984 / 日本 / 动画 奇幻 冒险",宫崎骏 Hayao Miyazaki   ,1984, 日本 , 动画 奇幻 冒险
https://movie.douban.com/subject/1307315/,https://img2.doubanio.com/view/photo/s_ratio_poster/public/p2516566783.jpg,哪吒闹海, ,9.1,189292,想你时你在闹海,"导演: 严定宪 Dingxian Yan / 王树忱 Shuchen Wang   主演: 梁正晖 Zhenghui ...<br/>
                            1979 / 中国大陆 / 冒险 动画 奇幻",严定宪 Dingxian Yan / 王树忱 Shuchen Wang   ,1979, 中国大陆 , 冒险 动画 奇幻
https://movie.douban.com/subject/6307447/,https://img1.doubanio.com/view/photo/s_ratio_poster/public/p1959232369.jpg,被解救的姜戈,  Django Unchained,8.7,462192,热血沸腾，那个低俗、性感的无耻混蛋又来了,"导演: 昆汀·塔伦蒂诺 Quentin Tarantino   主演: 杰米·福克斯 Jamie Foxx /...<br/>
                            2012 / 美国 / 剧情 动作 西部 冒险",昆汀·塔伦蒂诺 Quentin Tarantino   ,2012, 美国 , 剧情 动作 西部 冒险
https://movie.douban.com/subject/1417598/,https://img9.doubanio.com/view/photo/s_ratio_poster/public/p2565332644.jpg,电锯惊魂,  Saw,8.7,387124,真相就在眼前,"导演: 詹姆斯·温 James Wan   主演: 雷·沃纳尔 Leigh Whannell / 加利·艾...<br/>
                            2004 / 美国 / 悬疑 惊悚 恐怖",詹姆斯·温 James Wan   ,2004, 美国 , 悬疑 惊悚 恐怖
https://movie.douban.com/subject/1296996/,https://img3.doubanio.com/view/photo/s_ratio_poster/public/p1082651990.jpg,哈利·波特与密室,  Harry Potter and the Chamber of Secrets,8.7,469745,魔法的密室之门已打开...,"导演: Chris Columbus   主演: 丹尼尔·雷德克里夫 Daniel Radcliffe / 艾玛...<br/>
                            2002 / 美国 英国 德国 / 奇幻 冒险",Chris Columbus   ,2002, 美国 英国 德国 , 奇幻 冒险
https://movie.douban.com/subject/1303037/,https://img9.doubanio.com/view/photo/s_ratio_poster/public/p2173713676.jpg,喜宴,  囍宴,8.9,255184,中国家庭的喜怒哀乐忍,"导演: 李安 Ang Lee   主演: 赵文瑄 Winston Chao / 郎雄 Sihung Lung / 归亚...<br/>
                            1993 / 中国台湾 美国 / 剧情 喜剧 爱情 同性 家庭",李安 Ang Lee   ,1993, 中国台湾 美国 , 剧情 喜剧 爱情 同性 家庭
https://movie.douban.com/subject/1295399/,https://img9.doubanio.com/view/photo/s_ratio_poster/public/p2215886505.jpg,七武士,  七人の侍,9.3,143435,时代悲歌,"导演: 黑泽明 Akira Kurosawa   主演: 三船敏郎 Toshirô Mifune / 志村乔 ...<br/>
                            1954 / 日本 / 动作 冒险 剧情",黑泽明 Akira Kurosawa   ,1954, 日本 , 动作 冒险 剧情
https://movie.douban.com/subject/1292208/,https://img3.doubanio.com/view/photo/s_ratio_poster/public/p455677490.jpg,上帝之城,  Cidade de Deus,8.9,240080,被上帝抛弃了的上帝之城,"导演: 费尔南多·梅里尔斯 Fernando Meirelles / 卡迪亚·兰德 Kátia Lund  &amp;nbsp...<br/>
                            2002 / 巴西 法国 / 犯罪 剧情","费尔南多·梅里尔斯 Fernando Meirelles / 卡迪亚·兰德 Kátia Lund  &amp;nbsp...<br/>
                            2002 / 巴西 法国 / 犯罪 剧情",2002,,
https://movie.douban.com/subject/4920389/,https://img1.doubanio.com/view/photo/s_ratio_poster/public/p2516578307.jpg,头号玩家,  Ready Player One,8.7,1070708,写给影迷，动漫迷和游戏迷的一封情书,"导演: 史蒂文·斯皮尔伯格 Steven Spielberg   主演: 泰伊·谢里丹 Tye Sheri...<br/>
                            2018 / 美国 / 动作 科幻 冒险",史蒂文·斯皮尔伯格 Steven Spielberg   ,2018, 美国 , 动作 科幻 冒险
https://movie.douban.com/subject/1306861/,https://img9.doubanio.com/view/photo/s_ratio_poster/public/p652417775.jpg,我是山姆,  I Am Sam,8.9,233987,爱并不需要智商 ,"导演: 杰茜·尼尔森 Jessie Nelson   主演: Sean Penn / Dakota Fanning / Mi...<br/>
                            2001 / 美国 / 剧情 家庭",杰茜·尼尔森 Jessie Nelson   ,2001, 美国 , 剧情 家庭
https://movie.douban.com/subject/1297574/,https://img1.doubanio.com/view/photo/s_ratio_poster/public/p2504997087.jpg,英雄本色, ,8.7,386445,英雄泪短，兄弟情长 ,"导演: 吴宇森 John Woo   主演: 周润发 Yun-Fat Chow / 狄龙 Lung Ti / 张国...<br/>
                            1986 / 中国香港 / 剧情 动作 犯罪",吴宇森 John Woo   ,1986, 中国香港 , 剧情 动作 犯罪
https://movie.douban.com/subject/1578507/,https://img1.doubanio.com/view/photo/s_ratio_poster/public/p792223507.jpg,谍影重重3,  The Bourne Ultimatum,8.8,327597,像吃了苏打饼一样干脆的电影,"导演: 保罗·格林格拉斯 Paul Greengrass   主演: 马特·达蒙 Matt Damon / ...<br/>
                            2007 / 美国 德国 / 动作 悬疑 惊悚",保罗·格林格拉斯 Paul Greengrass   ,2007, 美国 德国 , 动作 悬疑 惊悚
https://movie.douban.com/subject/26628357/,https://img2.doubanio.com/view/photo/s_ratio_poster/public/p2406624993.jpg,一个叫欧维的男人决定去死,  En man som heter Ove,8.9,300153,惠及一生的美丽,"导演: 汉内斯·赫尔姆 Hannes Holm   主演: 罗夫·拉斯加德 Rolf Lassgård...<br/>
                            2015 / 瑞典 / 剧情",汉内斯·赫尔姆 Hannes Holm   ,2015, 瑞典 , 剧情
https://movie.douban.com/subject/3792799/,https://img3.doubanio.com/view/photo/s_ratio_poster/public/p456666151.jpg,岁月神偷,  歲月神偷,8.7,477895,岁月流逝，来日可追,"导演: 罗启锐 Alex Law   主演: 吴君如 Sandra Ng / 任达华 Simon Yam / 钟绍...<br/>
                            2010 / 中国香港 中国大陆 / 剧情 家庭",罗启锐 Alex Law   ,2010, 中国香港 中国大陆 , 剧情 家庭
https://movie.douban.com/subject/1295409/,https://img1.doubanio.com/view/photo/s_ratio_poster/public/p2597918718.jpg,纵横四海,  緃横四海,8.8,309254,香港浪漫主义警匪动作片的巅峰之作,"导演: 吴宇森 John Woo   主演: 周润发 Yun-Fat Chow / 张国荣 Leslie Cheung...<br/>
                            1991 / 中国香港 / 剧情 喜剧 动作 犯罪",吴宇森 John Woo   ,1991, 中国香港 , 剧情 喜剧 动作 犯罪
https://movie.douban.com/subject/26611804/,https://img1.doubanio.com/view/photo/s_ratio_poster/public/p2510081688.jpg,三块广告牌,"  Three Billboards Outside Ebbing, Missouri",8.7,638009,怼天怼地，你走后，她与世界为敌,"导演: 马丁·麦克唐纳 Martin McDonagh   主演: 弗兰西斯·麦克多蒙德 France...<br/>
                            2017 / 美国 英国 / 剧情 犯罪",马丁·麦克唐纳 Martin McDonagh   ,2017, 美国 英国 , 剧情 犯罪
https://movie.douban.com/subject/1907966/,https://img1.doubanio.com/view/photo/s_ratio_poster/public/p1867084027.jpg,疯狂原始人,  The Croods,8.7,652097,老少皆宜，这就是好莱坞动画的魅力,"导演: 科克·德·米科 Kirk De Micco / 克里斯·桑德斯 Chris Sanders   主演...<br/>
                            2013 / 美国 / 喜剧 动画 冒险","科克·德·米科 Kirk De Micco / 克里斯·桑德斯 Chris Sanders   主演...<br/>
                            2013 / 美国 / 喜剧 动画 冒险",2013,,
https://movie.douban.com/subject/1793929/,https://img1.doubanio.com/view/photo/s_ratio_poster/public/p2166160837.jpg,达拉斯买家俱乐部,  Dallas Buyers Club,8.8,344063,Jared Leto的腿比女人还美！,"导演: 让-马克·瓦雷 Jean-Marc Vallée   主演: 马修·麦康纳 Matthew McCon...<br/>
                            2013 / 美国 / 剧情 传记 同性",让-马克·瓦雷 Jean-Marc Vallée   ,2013, 美国 , 剧情 传记 同性
https://movie.douban.com/subject/25917973/,https://img9.doubanio.com/view/photo/s_ratio_poster/public/p2276780256.jpg,心迷宫, ,8.7,375522,荒诞讽刺，千奇百巧，抽丝剥茧，百转千回,"导演: 忻钰坤 Yukun Xin   主演: 霍卫民 Weimin Huo / 王笑天 Xiaotian Wang ...<br/>
                            2014 / 中国大陆 / 剧情 犯罪 悬疑",忻钰坤 Yukun Xin   ,2014, 中国大陆 , 剧情 犯罪 悬疑
https://movie.douban.com/subject/1304447/,https://img2.doubanio.com/view/photo/s_ratio_poster/public/p641688453.jpg,记忆碎片,  Memento,8.6,474917,一个针管引发的血案,"导演: 克里斯托弗·诺兰 Christopher Nolan   主演: 盖·皮尔斯 Guy Pearce /...<br/>
                            2000 / 美国 / 犯罪 剧情 悬疑 惊悚",克里斯托弗·诺兰 Christopher Nolan   ,2000, 美国 , 犯罪 剧情 悬疑 惊悚
https://movie.douban.com/subject/1291822/,https://img2.doubanio.com/view/photo/s_ratio_poster/public/p470419493.jpg,卢旺达饭店,  Hotel Rwanda,8.9,228997,当这个世界闭上双眼，他却敞开了怀抱,"导演: 特瑞·乔治 Terry George   主演: 唐·钱德尔 Don Cheadle / 苏菲·奥...<br/>
                            2004 / 英国 南非 意大利 / 剧情 传记 历史 战争",特瑞·乔治 Terry George   ,2004, 英国 南非 意大利 , 剧情 传记 历史 战争
https://movie.douban.com/subject/1291557/,https://img9.doubanio.com/view/photo/s_ratio_poster/public/p1910828286.jpg,花样年华,  花樣年華,8.7,436358,偷情本没有这样美,"导演: 王家卫 Kar Wai Wong   主演: 梁朝伟 Tony Leung Chiu Wai / 张曼玉 Ma...<br/>
                            2000 / 中国香港 / 剧情 爱情",王家卫 Kar Wai Wong   ,2000, 中国香港 , 剧情 爱情
https://movie.douban.com/subject/1395091/,https://img2.doubanio.com/view/photo/s_ratio_poster/public/p1351050722.jpg,未麻的部屋,  Perfect Blue,9,210082,好的剧本是，就算你猜到了结局也猜不到全部,"导演: 今敏 Satoshi Kon   主演: 岩男润子 Junko Iwao / 松本梨香 Rica Matsu...<br/>
                            1997 / 日本 / 动画 奇幻 惊悚",今敏 Satoshi Kon   ,1997, 日本 , 动画 奇幻 惊悚
https://movie.douban.com/subject/26683290/,https://img1.doubanio.com/view/photo/s_ratio_poster/public/p2395733377.jpg,你的名字。,  君の名は。,8.4,1053269,穿越错位的时空，仰望陨落的星辰，你没留下你的名字，我却无法忘记那句“我爱你”,"导演: 新海诚 Makoto Shinkai   主演: 神木隆之介 Ryûnosuke Kamiki / 上...<br/>
                            2016 / 日本 / 剧情 爱情 动画",新海诚 Makoto Shinkai   ,2016, 日本 , 剧情 爱情 动画
https://movie.douban.com/subject/24750126/,https://img2.doubanio.com/view/photo/s_ratio_poster/public/p2584519452.jpg,荒蛮故事,  Relatos salvajes,8.8,322002,始于荒诞，止于更荒诞,"导演: 达米安·斯兹弗隆 Damián Szifron   主演: 达里奥·葛兰帝内提 Darío...<br/>
                            2014 / 阿根廷 西班牙 / 剧情 喜剧 犯罪",达米安·斯兹弗隆 Damián Szifron   ,2014, 阿根廷 西班牙 , 剧情 喜剧 犯罪
https://movie.douban.com/subject/1302467/,https://img1.doubanio.com/view/photo/s_ratio_poster/public/p443461818.jpg,黑客帝国3：矩阵革命,  The Matrix Revolutions,8.8,321967,不得不说，《黑客帝国》系列是商业片与科幻、哲学完美结合的典范,"导演: Andy Wachowski / Larry Wachowski   主演: 基努·里维斯 Keanu Reeves...<br/>
                            2003 / 美国 澳大利亚 / 动作 科幻",Andy Wachowski / Larry Wachowski   ,2003, 美国 澳大利亚 , 动作 科幻
https://movie.douban.com/subject/10463953/,https://img2.doubanio.com/view/photo/s_ratio_poster/public/p2255040492.jpg,模仿游戏,  The Imitation Game,8.7,463832,他给机器起名“克里斯托弗”，因为这是他初恋的名字,"导演: 莫滕·泰杜姆 Morten Tyldum   主演: 本尼迪克特·康伯巴奇 Benedict C...<br/>
                            2014 / 英国 美国 / 剧情 传记 战争 同性",莫滕·泰杜姆 Morten Tyldum   ,2014, 英国 美国 , 剧情 传记 战争 同性
https://movie.douban.com/subject/1293318/,https://img1.doubanio.com/view/photo/s_ratio_poster/public/p1157334208.jpg,萤火虫之墓,  火垂るの墓,8.7,334874,幸福是生生不息，却难以触及的远 ,"导演: 高畑勋 Isao Takahata   主演: 辰己努 / 白石绫乃 / 志乃原良子<br/>
                            1988 / 日本 / 动画 剧情 战争",高畑勋 Isao Takahata   ,1988, 日本 , 动画 剧情 战争
https://movie.douban.com/subject/25773932/,https://img2.doubanio.com/view/photo/s_ratio_poster/public/p2220776342.jpg,爆裂鼓手,  Whiplash,8.7,427313,这个世界从不善待努力的人，努力了也不一定会成功，但是知道自己在努力，就是活下去的动力,"导演: 达米恩·查泽雷 Damien Chazelle   主演: 迈尔斯·特勒 Miles Teller /...<br/>
                            2014 / 美国 / 剧情 音乐",达米恩·查泽雷 Damien Chazelle   ,2014, 美国 , 剧情 音乐
https://movie.douban.com/subject/2209573/,https://img3.doubanio.com/view/photo/s_ratio_poster/public/p2434249040.jpg,贫民窟的百万富翁,  Slumdog Millionaire,8.6,594413,上帝之城+猜火车+阿甘正传+开心辞典=山寨富翁,"导演: 丹尼·鲍尔 Danny Boyle / 洛芙琳·坦丹 Loveleen Tandan   主演: 戴夫...<br/>
                            2008 / 英国 / 剧情 爱情",丹尼·鲍尔 Danny Boyle / 洛芙琳·坦丹 Loveleen Tandan   ,2008, 英国 , 剧情 爱情
https://movie.douban.com/subject/1292328/,https://img2.doubanio.com/view/photo/s_ratio_poster/public/p1982176012.jpg,东邪西毒,  東邪西毒,8.6,457930,电影诗,"导演: 王家卫 Kar Wai Wong   主演: 张国荣 Leslie Cheung / 林青霞 Brigitte...<br/>
                            1994 / 中国香港 中国台湾 / 剧情 动作 爱情 武侠 古装",王家卫 Kar Wai Wong   ,1994, 中国香港 中国台湾 , 剧情 动作 爱情 武侠 古装
https://movie.douban.com/subject/1292401/,https://img3.doubanio.com/view/photo/s_ratio_poster/public/p475600770.jpg,真爱至上,  Love Actually,8.6,547773,爱，是个动词,"导演: 理查德·柯蒂斯 Richard Curtis   主演: 休·格兰特 Hugh Grant / 柯林...<br/>
                            2003 / 英国 美国 法国 / 喜剧 剧情 爱情",理查德·柯蒂斯 Richard Curtis   ,2003, 英国 美国 法国 , 喜剧 剧情 爱情
https://movie.douban.com/subject/10437779/,https://img1.doubanio.com/view/photo/s_ratio_poster/public/p1903379979.jpg,新世界,  신세계,8.8,262887,要做就做得狠一点，这样才能活下去,"导演: 朴勋政 Hoon-jung Park   主演: 李政宰 Jung-Jae Lee / 崔岷植 Min-sik...<br/>
                            2013 / 韩国 / 剧情 犯罪",朴勋政 Hoon-jung Park   ,2013, 韩国 , 剧情 犯罪
https://movie.douban.com/subject/1959195/,https://img2.doubanio.com/view/photo/s_ratio_poster/public/p1576418852.jpg,忠犬八公物语,  ハチ公物語,9.2,142225,养狗三日，便会对你终其一生,"导演: Seijirô Kôyama   主演: 山本圭 Kei Yamamoto / 井川比佐志 Hisa...<br/>
                            1987 / 日本 / 剧情",Seijirô Kôyama   ,1987, 日本 , 剧情
https://movie.douban.com/subject/1978709/,https://img9.doubanio.com/view/photo/s_ratio_poster/public/p2549648344.jpg,黑天鹅,  Black Swan,8.6,657500,黑暗之美,"导演: 达伦·阿罗诺夫斯基 Darren Aronofsky   主演: 娜塔莉·波特曼 Natalie...<br/>
                            2010 / 美国 / 剧情 惊悚",达伦·阿罗诺夫斯基 Darren Aronofsky   ,2010, 美国 , 剧情 惊悚
https://movie.douban.com/subject/10533913/,https://img9.doubanio.com/view/photo/s_ratio_poster/public/p2266293606.jpg,头脑特工队,  Inside Out,8.7,442715,愿我们都不用长大，每一座城堡都能永远存在,"导演: 彼特·道格特 Pete Docter / 罗纳尔多·德尔·卡门 Ronaldo Del Carmen  &amp;nb...<br/>
                            2015 / 美国 / 喜剧 动画 冒险","彼特·道格特 Pete Docter / 罗纳尔多·德尔·卡门 Ronaldo Del Carmen  &amp;nb...<br/>
                            2015 / 美国 / 喜剧 动画 冒险",2015,,
https://movie.douban.com/subject/25895901/,https://img2.doubanio.com/view/photo/s_ratio_poster/public/p2242546753.jpg,海街日记,  海街diary,8.8,307985,是枝裕和的家庭习作,"导演: 是枝裕和 Hirokazu Koreeda   主演: 绫濑遥 Haruka Ayase / 长泽雅美 M...<br/>
                            2015 / 日本 / 剧情 家庭",是枝裕和 Hirokazu Koreeda   ,2015, 日本 , 剧情 家庭
https://movie.douban.com/subject/4848115/,https://img2.doubanio.com/view/photo/s_ratio_poster/public/p709670262.jpg,你看起来好像很好吃,  おまえうまそうだな,8.9,260788,感情不分食草或者食肉,"导演: 藤森雅也 Masaya Fujimori   主演: 山口胜平 Kappei Yamaguchi / 爱河...<br/>
                            2010 / 日本 / 剧情 动画 儿童",藤森雅也 Masaya Fujimori   ,2010, 日本 , 剧情 动画 儿童
https://movie.douban.com/subject/6534248/,https://img9.doubanio.com/view/photo/s_ratio_poster/public/p1735642656.jpg,无敌破坏王,  Wreck-It Ralph,8.7,405115,迪士尼和皮克斯拿错剧本的产物,"导演: 瑞奇·莫尔 Rich Moore   主演: 约翰·C·赖利 John C. Reilly / 萨拉...<br/>
                            2012 / 美国 / 喜剧 动画 奇幻 冒险",瑞奇·莫尔 Rich Moore   ,2012, 美国 , 喜剧 动画 奇幻 冒险
https://movie.douban.com/subject/1293181/,https://img9.doubanio.com/view/photo/s_ratio_poster/public/p1021883305.jpg,惊魂记,  Psycho,9,184363,故事的反转与反转，分裂电影的始祖,"导演: 阿尔弗雷德·希区柯克 Alfred Hitchcock   主演: 安东尼·博金斯 Antho...<br/>
                            1960 / 美国 / 悬疑 惊悚 恐怖",阿尔弗雷德·希区柯克 Alfred Hitchcock   ,1960, 美国 , 悬疑 惊悚 恐怖
https://movie.douban.com/subject/1291870/,https://img2.doubanio.com/view/photo/s_ratio_poster/public/p2353324612.jpg,雨人,  Rain Man,8.7,322433,生活在自己的世界里，也可以让周围的人显得可笑和渺小,"导演: 巴瑞·莱文森 Barry Levinson   主演: 达斯汀·霍夫曼 Dustin Hoffman ...<br/>
                            1988 / 美国 / 剧情",巴瑞·莱文森 Barry Levinson   ,1988, 美国 , 剧情
https://movie.douban.com/subject/1291578/,https://img1.doubanio.com/view/photo/s_ratio_poster/public/p1910895719.jpg,冰川时代,  Ice Age,8.6,482112,松鼠才是角儿,"导演: 卡洛斯·沙尔丹哈 Carlos Saldanha / 克里斯·韦奇 Chris Wedge   主演...<br/>
                            2002 / 美国 / 喜剧 动画 冒险","卡洛斯·沙尔丹哈 Carlos Saldanha / 克里斯·韦奇 Chris Wedge   主演...<br/>
                            2002 / 美国 / 喜剧 动画 冒险",2002,,
https://movie.douban.com/subject/1309163/,https://img9.doubanio.com/view/photo/s_ratio_poster/public/p483604864.jpg,恋恋笔记本,  The Notebook,8.5,504514,爱情没有那么多借口，如果不能圆满，只能说明爱的不够 ,"导演: 尼克·卡索维茨 Nick Cassavetes   主演: 瑞恩·高斯林 Ryan Gosling /...<br/>
                            2004 / 美国 / 剧情 爱情",尼克·卡索维茨 Nick Cassavetes   ,2004, 美国 , 剧情 爱情
https://movie.douban.com/subject/27622447/,https://img9.doubanio.com/view/photo/s_ratio_poster/public/p2530599636.jpg,小偷家族,  万引き家族,8.7,628282,我们组成了家,"导演: 是枝裕和 Hirokazu Koreeda   主演: 中川雅也 Lily Franky / 安藤樱 Sa...<br/>
                            2018 / 日本 / 剧情 犯罪 家庭",是枝裕和 Hirokazu Koreeda   ,2018, 日本 , 剧情 犯罪 家庭
https://movie.douban.com/subject/1300374/,https://img3.doubanio.com/view/photo/s_ratio_poster/public/p767586451.jpg,绿里奇迹,  The Green Mile,8.9,220328,天使暂时离开,"导演: Frank Darabont   主演: 汤姆·汉克斯 Tom Hanks / 大卫·摩斯 David M...<br/>
                            1999 / 美国 / 犯罪 剧情 奇幻 悬疑",Frank Darabont   ,1999, 美国 , 犯罪 剧情 奇幻 悬疑
https://movie.douban.com/subject/3011051/,https://img9.doubanio.com/view/photo/s_ratio_poster/public/p462470694.jpg,恐怖游轮,  Triangle,8.5,605206,不要企图在重复中寻找已经失去的爱,"导演: 克里斯托弗·史密斯 Christopher Smith   主演: 梅利莎·乔治 Melissa ...<br/>
                            2009 / 英国 澳大利亚 / 剧情 悬疑 惊悚",克里斯托弗·史密斯 Christopher Smith   ,2009, 英国 澳大利亚 , 剧情 悬疑 惊悚
https://movie.douban.com/subject/26430107/,https://img1.doubanio.com/view/photo/s_ratio_poster/public/p2457609817.jpg,二十二, ,8.7,226184,有一些东西不应该被遗忘,"导演: 郭柯 Ke Guo   主演: <br/>
                            2015 / 中国大陆 / 纪录片",郭柯 Ke Guo   ,2015, 中国大陆 , 纪录片
https://movie.douban.com/subject/26787574/,https://img1.doubanio.com/view/photo/s_ratio_poster/public/p2507709428.jpg,奇迹男孩,  Wonder,8.6,441258,世界不完美，爱会有奇迹,"导演: 斯蒂芬·卓博斯基 Stephen Chbosky   主演: 雅各布·特伦布莱 Jacob Tr...<br/>
                            2017 / 美国 中国香港 / 剧情 儿童 家庭",斯蒂芬·卓博斯基 Stephen Chbosky   ,2017, 美国 中国香港 , 剧情 儿童 家庭
https://movie.douban.com/subject/1862151/,https://img2.doubanio.com/view/photo/s_ratio_poster/public/p712241453.jpg,疯狂的石头, ,8.5,612167,中国版《两杆大烟枪》,"导演: 宁浩 Hao Ning   主演: 郭涛 Tao Guo / 刘桦 Hua Liu / 连晋 Teddy Lin<br/>
                            2006 / 中国大陆 中国香港 / 喜剧 犯罪",宁浩 Hao Ning   ,2006, 中国大陆 中国香港 , 喜剧 犯罪
https://movie.douban.com/subject/10808442/,https://img1.doubanio.com/view/photo/s_ratio_poster/public/p2074715729.jpg,爱在午夜降临前,  Before Midnight,8.8,254410,所谓爱情，就是话唠一路，都不会心生腻烦，彼此嫌弃,"导演: 理查德·林克莱特 Richard Linklater   主演: 伊桑·霍克 Ethan Hawke ...<br/>
                            2013 / 美国 希腊 / 剧情 爱情",理查德·林克莱特 Richard Linklater   ,2013, 美国 希腊 , 剧情 爱情
https://movie.douban.com/subject/25980443/,https://img9.doubanio.com/view/photo/s_ratio_poster/public/p2421855655.jpg,海边的曼彻斯特,  Manchester by the Sea,8.6,371687,我们都有权利不与自己的过去和解,"导演: 肯尼斯·罗纳根 Kenneth Lonergan   主演: 卡西·阿弗莱克 Casey Affle...<br/>
                            2016 / 美国 / 剧情 家庭",肯尼斯·罗纳根 Kenneth Lonergan   ,2016, 美国 , 剧情 家庭
https://movie.douban.com/subject/1307811/,https://img2.doubanio.com/view/photo/s_ratio_poster/public/p456676352.jpg,魔女宅急便,  魔女の宅急便,8.6,353959,宫崎骏的电影总让人感觉世界是美好的，阳光明媚的,"导演: 宫崎骏 Hayao Miyazaki   主演: 高山南 Minami Takayama / 佐久间玲 Re...<br/>
                            1989 / 日本 / 动画 奇幻 冒险",宫崎骏 Hayao Miyazaki   ,1989, 日本 , 动画 奇幻 冒险
https://movie.douban.com/subject/25724855/,https://img9.doubanio.com/view/photo/s_ratio_poster/public/p2259715855.jpg,房间,  Room,8.8,304356,被偷走的岁月，被伤害的生命，被禁锢的灵魂，终将被希望和善意救赎,"导演: 伦尼·阿伯拉罕森 Lenny Abrahamson   主演: 布丽·拉尔森 Brie Larson...<br/>
                            2015 / 爱尔兰 加拿大 英国 美国 / 剧情 家庭",伦尼·阿伯拉罕森 Lenny Abrahamson   ,2015, 爱尔兰 加拿大 英国 美国 , 剧情 家庭
https://movie.douban.com/subject/1293460/,https://img9.doubanio.com/view/photo/s_ratio_poster/public/p1612355875.jpg,雨中曲,  Singin' in the Rain,9,157648,骨灰级歌舞片,"导演: 斯坦利·多南 Stanley Donen / 吉恩·凯利 Gene Kelly   主演: 吉恩·...<br/>
                            1952 / 美国 / 喜剧 歌舞 爱情",斯坦利·多南 Stanley Donen / 吉恩·凯利 Gene Kelly   ,1952, 美国 , 喜剧 歌舞 爱情
https://movie.douban.com/subject/1296909/,https://img2.doubanio.com/view/photo/s_ratio_poster/public/p2399597512.jpg,虎口脱险,  La grande vadrouille,8.9,181064,永远看不腻的喜剧,"导演: 杰拉尔·乌里 Gérard Oury   主演: 路易·德·菲耐斯 Louis de Funès...<br/>
                            1966 / 法国 英国 / 喜剧 战争",杰拉尔·乌里 Gérard Oury   ,1966, 法国 英国 , 喜剧 战争
https://movie.douban.com/subject/1302827/,https://img1.doubanio.com/view/photo/s_ratio_poster/public/p792257137.jpg,人工智能,  Artificial Intelligence: AI,8.7,335467,对爱的执着，可以超越一切,"导演: 史蒂文·斯皮尔伯格 Steven Spielberg   主演: 海利·乔·奥斯蒙 Haley...<br/>
                            2001 / 美国 / 剧情 科幻",史蒂文·斯皮尔伯格 Steven Spielberg   ,2001, 美国 , 剧情 科幻
https://movie.douban.com/subject/1291879/,https://img3.doubanio.com/view/photo/s_ratio_poster/public/p1598883511.jpg,罗生门,  羅生門,8.8,233122,人生的N种可能性,"导演: 黑泽明 Akira Kurosawa   主演: 三船敏郎 Toshirô Mifune / 京町子 ...<br/>
                            1950 / 日本 / 剧情 犯罪 悬疑",黑泽明 Akira Kurosawa   ,1950, 日本 , 剧情 犯罪 悬疑
https://movie.douban.com/subject/1291844/,https://img9.doubanio.com/view/photo/s_ratio_poster/public/p1910909085.jpg,终结者2：审判日,  Terminator 2: Judgment Day,8.7,268310,少见的超越首部的续集，动作片中的经典,"导演: 詹姆斯·卡梅隆 James Cameron   主演: 阿诺·施瓦辛格 Arnold Schwarz...<br/>
                            1991 / 美国 法国 / 动作 科幻",詹姆斯·卡梅隆 James Cameron   ,1991, 美国 法国 , 动作 科幻
https://movie.douban.com/subject/1308857/,https://img9.doubanio.com/view/photo/s_ratio_poster/public/p2363208684.jpg,可可西里, ,8.8,224817,坚硬的信仰,"导演: 陆川 Chuan Lu   主演: 多布杰 Duobujie / 张磊 Lei Zhang / 亓亮 Qi L...<br/>
                            2004 / 中国大陆 中国香港 / 剧情 犯罪",陆川 Chuan Lu   ,2004, 中国大陆 中国香港 , 剧情 犯罪
https://movie.douban.com/subject/4739952/,https://img2.doubanio.com/view/photo/s_ratio_poster/public/p1505312273.jpg,初恋这件小事,  สิ่งเล็กเล็กที่เรียกว่า...รัก,8.4,798733,黑小鸭速效美白记,"导演: 普特鹏·普罗萨卡·那·萨克那卡林 Puttipong Promsaka Na Sakolnakorn / 华森·波克彭...<br/>
                            2010 / 泰国 / 剧情 喜剧 爱情","普特鹏·普罗萨卡·那·萨克那卡林 Puttipong Promsaka Na Sakolnakorn / 华森·波克彭...<br/>
                            2010 / 泰国 / 剧情 喜剧 爱情",2010,,
https://movie.douban.com/subject/1292226/,https://img9.doubanio.com/view/photo/s_ratio_poster/public/p2560717825.jpg,2001太空漫游,  2001: A Space Odyssey,8.8,218778,现代科幻电影的开山之作，最伟大导演的最伟大影片,"导演: 斯坦利·库布里克 Stanley Kubrick   主演: 凯尔·杜拉 Keir Dullea / ...<br/>
                            1968 / 英国 美国 / 科幻 惊悚 冒险",斯坦利·库布里克 Stanley Kubrick   ,1968, 英国 美国 , 科幻 惊悚 冒险
https://movie.douban.com/subject/1309055/,https://img1.doubanio.com/view/photo/s_ratio_poster/public/p2220723219.jpg,哈利·波特与火焰杯,  Harry Potter and the Goblet of Fire,8.6,401709, ,"导演: 迈克·内威尔 Mike Newell   主演: 丹尼尔·雷德克里夫 Daniel Radclif...<br/>
                            2005 / 英国 美国 / 悬疑 奇幻 冒险",迈克·内威尔 Mike Newell   ,2005, 英国 美国 , 悬疑 奇幻 冒险
https://movie.douban.com/subject/1293908/,https://img1.doubanio.com/view/photo/s_ratio_poster/public/p2170238828.jpg,城市之光,  City Lights,9.3,98732,永远的小人物，伟大的卓别林,"导演: Charles Chaplin   主演: 查理·卓别林 Charles Chaplin / 弗吉尼亚·...<br/>
                            1931 / 美国 / 喜剧 剧情 爱情",Charles Chaplin   ,1931, 美国 , 喜剧 剧情 爱情
https://movie.douban.com/subject/1828115/,https://img9.doubanio.com/view/photo/s_ratio_poster/public/p453716305.jpg,色，戒, ,8.5,524909,假戏真情，爱欲深海,"导演: 李安 Ang Lee   主演: 梁朝伟 Tony Leung Chiu Wai / 汤唯 Wei Tang / ...<br/>
                            2007 / 中国台湾 中国大陆 美国 中国香港 / 剧情 爱情 情色",李安 Ang Lee   ,2007, 中国台湾 中国大陆 美国 中国香港 , 剧情 爱情 情色
https://movie.douban.com/subject/1293964/,https://img1.doubanio.com/view/photo/s_ratio_poster/public/p2351134499.jpg,魂断蓝桥,  Waterloo Bridge,8.8,212373,中国式内在的美国电影,"导演: 茂文·勒鲁瓦 Mervyn LeRoy   主演: 费雯·丽 Vivien Leigh / 罗伯特·...<br/>
                            1940 / 美国 / 剧情 爱情 战争",茂文·勒鲁瓦 Mervyn LeRoy   ,1940, 美国 , 剧情 爱情 战争
https://movie.douban.com/subject/1297518/,https://img3.doubanio.com/view/photo/s_ratio_poster/public/p648370300.jpg,九品芝麻官, ,8.5,431804, ,"导演: 王晶 Jing Wong   主演: 周星驰 Stephen Chow / 吴孟达 Man Tat Ng / ...<br/>
                            1994 / 中国香港 / 剧情 喜剧 古装",王晶 Jing Wong   ,1994, 中国香港 , 剧情 喜剧 古装
https://movie.douban.com/subject/1292329/,https://img9.doubanio.com/view/photo/s_ratio_poster/public/p848381236.jpg,牯岭街少年杀人事件,  牯嶺街少年殺人事件,8.8,197317,弱者送给弱者的一刀,"导演: 杨德昌 Edward Yang   主演: 张震 Chen Chang / 杨静怡 Lisa Yang / 张...<br/>
                            1991 / 中国台湾 / 剧情 犯罪",杨德昌 Edward Yang   ,1991, 中国台湾 , 剧情 犯罪
https://movie.douban.com/subject/3443389/,https://img9.doubanio.com/view/photo/s_ratio_poster/public/p1139181294.jpg,海洋,  Océans,9.1,134275,大海啊，不全是水,"导演: 雅克·贝汉 Jacques Perrin / 雅克·克鲁奥德 Jacques Cluzaud   主演:...<br/>
                            2009 / 法国 瑞士 西班牙 美国 阿联酋 / 纪录片","雅克·贝汉 Jacques Perrin / 雅克·克鲁奥德 Jacques Cluzaud   主演:...<br/>
                            2009 / 法国 瑞士 西班牙 美国 阿联酋 / 纪录片",2009,,
https://movie.douban.com/subject/1295865/,https://img1.doubanio.com/view/photo/s_ratio_poster/public/p1023654037.jpg,燃情岁月,  Legends of the Fall,8.8,225828,传奇，不是每个人都可以拥有,"导演: 爱德华·兹威克 Edward Zwick   主演: 布拉德·皮特 Brad Pitt / 安东...<br/>
                            1994 / 美国 / 剧情 爱情 战争 西部",爱德华·兹威克 Edward Zwick   ,1994, 美国 , 剧情 爱情 战争 西部
https://movie.douban.com/subject/1867345/,https://img3.doubanio.com/view/photo/s_ratio_poster/public/p1208653481.jpg,遗愿清单,  The Bucket List,8.6,293923,用剩余不多的时间，去燃烧整个生命,"导演: 罗伯·莱纳 Rob Reiner   主演: 杰克·尼科尔森 Jack Nicholson / 摩根...<br/>
                            2007 / 美国 / 冒险 喜剧 剧情",罗伯·莱纳 Rob Reiner   ,2007, 美国 , 冒险 喜剧 剧情
https://movie.douban.com/subject/1292287/,https://img1.doubanio.com/view/photo/s_ratio_poster/public/p1421018669.jpg,新龙门客栈,  新龍門客棧,8.6,337560,嬉笑怒骂，调风动月,"导演: 李惠民 Raymond Lee   主演: 张曼玉 Maggie Cheung / 林青霞 Brigitte ...<br/>
                            1992 / 中国香港 中国大陆 / 动作 爱情 武侠 古装",李惠民 Raymond Lee   ,1992, 中国香港 中国大陆 , 动作 爱情 武侠 古装
https://movie.douban.com/subject/3075287/,https://img9.doubanio.com/view/photo/s_ratio_poster/public/p988260245.jpg,源代码,  Source Code,8.5,636699,邓肯·琼斯继《月球》之后再度奉献出一部精彩绝伦的科幻佳作,"导演: 邓肯·琼斯 Duncan Jones   主演: 杰克·吉伦哈尔 Jake Gyllenhaal / ...<br/>
                            2011 / 美国 加拿大 / 科幻 悬疑 惊悚",邓肯·琼斯 Duncan Jones   ,2011, 美国 加拿大 , 科幻 悬疑 惊悚
https://movie.douban.com/subject/1303394/,https://img2.doubanio.com/view/photo/s_ratio_poster/public/p2570901292.jpg,青蛇, ,8.6,392482,人生如此，浮生如斯谁人言，花彼岸，此生情长意短谁都是不懂爱的罢了,"导演: 徐克 Hark Tsui   主演: 张曼玉 Maggie Cheung / 王祖贤 Joey Wang / ...<br/>
                            1993 / 中国香港 中国大陆 / 剧情 爱情 奇幻 古装",徐克 Hark Tsui   ,1993, 中国香港 中国大陆 , 剧情 爱情 奇幻 古装
https://movie.douban.com/subject/1937946/,https://img9.doubanio.com/view/photo/s_ratio_poster/public/p2079334286.jpg,穿越时空的少女,  時をかける少女,8.6,309125,爱上未来的你 ,"导演: 细田守 Mamoru Hosoda   主演: 仲里依纱 Riisa Naka / 石田卓也 Takuya...<br/>
                            2006 / 日本 / 剧情 爱情 科幻 动画",细田守 Mamoru Hosoda   ,2006, 日本 , 剧情 爱情 科幻 动画
https://movie.douban.com/subject/27059130/,https://img2.doubanio.com/view/photo/s_ratio_poster/public/p2505928032.jpg,大佛普拉斯, ,8.7,300589,人们可以登上月球，却永远无法探索人们内心的宇宙,"导演: 黄信尧 Hsin-yao Huang   主演: 庄益增 Yizeng Zhuang / 陈竹昇 Chu-sh...<br/>
                            2017 / 中国台湾 / 剧情 喜剧",黄信尧 Hsin-yao Huang   ,2017, 中国台湾 , 剧情 喜剧
https://movie.douban.com/subject/1438652/,https://img1.doubanio.com/view/photo/s_ratio_poster/public/p2575043939.jpg,无耻混蛋,  Inglourious Basterds,8.6,369769,昆汀同学越来越变态了，比北野武还杜琪峰,"导演: Quentin Tarantino   主演: 布拉德·皮特 Brad Pitt / 梅拉尼·罗兰 M...<br/>
                            2009 / 德国 美国 / 剧情 犯罪",Quentin Tarantino   ,2009, 德国 美国 , 剧情 犯罪
https://movie.douban.com/subject/1428175/,https://img2.doubanio.com/view/photo/s_ratio_poster/public/p1244017073.jpg,血钻,  Blood Diamond,8.7,274626,每个美丽事物背后都是滴血的现实,"导演: 爱德华·兹威克 Edward Zwick   主演: 莱昂纳多·迪卡普里奥 Leonardo ...<br/>
                            2006 / 美国 德国 / 剧情 惊悚 冒险",爱德华·兹威克 Edward Zwick   ,2006, 美国 德国 , 剧情 惊悚 冒险
https://movie.douban.com/subject/3592854/,https://img2.doubanio.com/view/photo/s_ratio_poster/public/p2236181653.jpg,疯狂的麦克斯4：狂暴之路,  Mad Max: Fury Road,8.6,394780,“多么美好的一天！”轰轰轰砰咚，啪哒哒哒轰隆隆，磅~,"导演: 乔治·米勒 George Miller   主演: 汤姆·哈迪 Tom Hardy / 查理兹·塞...<br/>
                            2015 / 澳大利亚 南非 / 动作 科幻 冒险",乔治·米勒 George Miller   ,2015, 澳大利亚 南非 , 动作 科幻 冒险
https://movie.douban.com/subject/1305690/,https://img2.doubanio.com/view/photo/s_ratio_poster/public/p2525770523.jpg,阿飞正传,  阿飛正傳,8.5,380137,王家卫是一种风格，张国荣是一个代表,"导演: 王家卫 Kar Wai Wong   主演: 张国荣 Leslie Cheung / 张曼玉 Maggie C...<br/>
                            1990 / 中国香港 / 犯罪 剧情 爱情",王家卫 Kar Wai Wong   ,1990, 中国香港 , 犯罪 剧情 爱情
https://movie.douban.com/subject/26614893/,https://img9.doubanio.com/view/photo/s_ratio_poster/public/p2522331945.jpg,完美陌生人,  Perfetti sconosciuti,8.5,423878,来啊，互相伤害啊！,"导演: 保罗·格诺维瑟 Paolo Genovese   主演: 马可·贾利尼 Marco Giallini ...<br/>
                            2016 / 意大利 / 剧情 喜剧",保罗·格诺维瑟 Paolo Genovese   ,2016, 意大利 , 剧情 喜剧
https://movie.douban.com/subject/5300054/,https://img2.doubanio.com/view/photo/s_ratio_poster/public/p2549558913.jpg,波西米亚狂想曲,  Bohemian Rhapsody,8.7,439789, ,"导演: 布莱恩·辛格 Bryan Singer   主演: 拉米·马雷克 Rami Malek / 本·哈...<br/>
                            2018 / 英国 美国 / 剧情 传记 同性 音乐",布莱恩·辛格 Bryan Singer   ,2018, 英国 美国 , 剧情 传记 同性 音乐
https://movie.douban.com/subject/1308767/,https://img9.doubanio.com/view/photo/s_ratio_poster/public/p667644866.jpg,谍影重重2,  The Bourne Supremacy,8.7,275354,谁说王家卫镜头很晃？,"导演: 保罗·格林格拉斯 Paul Greengrass   主演: 马特·达蒙 Matt Damon / ...<br/>
                            2004 / 美国 德国 / 动作 悬疑 惊悚",保罗·格林格拉斯 Paul Greengrass   ,2004, 美国 德国 , 动作 悬疑 惊悚
https://movie.douban.com/subject/2222996/,https://img9.doubanio.com/view/photo/s_ratio_poster/public/p926535516.jpg,步履不停,  歩いても 歩いても,8.8,197961,日本的家庭电影已经是世界巅峰了，步履不停是巅峰中的佳作,"导演: 是枝裕和 Hirokazu Koreeda   主演: 阿部宽 Hiroshi Abe / 夏川结衣 Yu...<br/>
                            2008 / 日本 / 剧情 家庭",是枝裕和 Hirokazu Koreeda   ,2008, 日本 , 剧情 家庭
https://movie.douban.com/subject/2363506/,https://img9.doubanio.com/view/photo/s_ratio_poster/public/p1973489335.jpg,地球上的星星,  Taare Zameen Par,8.9,159842,天使保护事件始末,"导演: 阿米尔·汗 Aamir Khan   主演: 达席尔·萨法瑞 Darsheel Safary / 阿...<br/>
                            2007 / 印度 / 剧情 儿童 家庭",阿米尔·汗 Aamir Khan   ,2007, 印度 , 剧情 儿童 家庭
https://movie.douban.com/subject/1760622/,https://img2.doubanio.com/view/photo/s_ratio_poster/public/p2571500223.jpg,香水,  Perfume: The Story of a Murderer,8.5,440290,一个单凭体香达到高潮的男人,"导演: 汤姆·提克威 Tom Tykwer   主演: 本·卫肖 Ben Whishaw / 艾伦·瑞克...<br/>
                            2006 / 德国 法国 西班牙 美国 / 剧情 犯罪 奇幻",汤姆·提克威 Tom Tykwer   ,2006, 德国 法国 西班牙 美国 , 剧情 犯罪 奇幻
https://movie.douban.com/subject/25807345/,https://img9.doubanio.com/view/photo/s_ratio_poster/public/p2187896734.jpg,彗星来的那一夜,  Coherence,8.5,391242,小成本大魅力,"导演: 詹姆斯·沃德·布柯特 James Ward Byrkit   主演: 艾米丽·芭尔多尼 Em...<br/>
                            2013 / 美国 英国 / 科幻 悬疑 惊悚",詹姆斯·沃德·布柯特 James Ward Byrkit   ,2013, 美国 英国 , 科幻 悬疑 惊悚
https://movie.douban.com/subject/1419936/,https://img3.doubanio.com/view/photo/s_ratio_poster/public/p792282381.jpg,战争之王,  Lord of War,8.7,273754,做一颗让别人需要你的棋子,"导演: 安德鲁·尼科尔 Andrew Niccol   主演: 尼古拉斯·凯奇 Nicolas Cage /...<br/>
                            2005 / 美国 法国 / 剧情 犯罪",安德鲁·尼科尔 Andrew Niccol   ,2005, 美国 法国 , 剧情 犯罪
https://movie.douban.com/subject/1304102/,https://img3.doubanio.com/view/photo/s_ratio_poster/public/p1597183981.jpg,谍影重重,  The Bourne Identity,8.6,328886,哗啦啦啦啦，天在下雨，哗啦啦啦啦，云在哭泣……找自己,"导演: 道格·里曼 Doug Liman   主演: 马特·达蒙 Matt Damon / 弗兰卡·波坦...<br/>
                            2002 / 美国 德国 捷克 / 动作 悬疑 惊悚",道格·里曼 Doug Liman   ,2002, 美国 德国 捷克 , 动作 悬疑 惊悚
https://movie.douban.com/subject/2213597/,https://img1.doubanio.com/view/photo/s_ratio_poster/public/p1140984198.jpg,朗读者,  The Reader,8.6,381928,当爱情跨越年龄的界限，它似乎能变得更久远一点，成为一种责任，一种水到渠成的相濡以沫 ,"导演: 史蒂芬·戴德利 Stephen Daldry   主演: 凯特·温丝莱特 Kate Winslet ...<br/>
                            2008 / 美国 德国 / 剧情 爱情",史蒂芬·戴德利 Stephen Daldry   ,2008, 美国 德国 , 剧情 爱情
https://movie.douban.com/subject/27010768/,https://img3.doubanio.com/view/photo/s_ratio_poster/public/p2561439800.jpg,寄生虫,  기생충,8.7,1034000, ,"导演: 奉俊昊 Joon-ho Bong   主演: 宋康昊 Kang-ho Song / 李善均 Seon-gyun...<br/>
                            2019 / 韩国 / 剧情 喜剧",奉俊昊 Joon-ho Bong   ,2019, 韩国 , 剧情 喜剧
https://movie.douban.com/subject/1292528/,https://img1.doubanio.com/view/photo/s_ratio_poster/public/p513567548.jpg,猜火车,  Trainspotting,8.5,349095,不可猜的青春迷笛 ,"导演: 丹尼·博伊尔 Danny Boyle   主演: 伊万·麦克格雷格 Ewan McGregor / ...<br/>
                            1996 / 英国 / 剧情 犯罪",丹尼·博伊尔 Danny Boyle   ,1996, 英国 , 剧情 犯罪
https://movie.douban.com/subject/1291568/,https://img9.doubanio.com/view/photo/s_ratio_poster/public/p1925331564.jpg,东京物语,  東京物語,9.2,98805,东京那么大，如果有一天走失了，恐怕一辈子不能再相见,"导演: 小津安二郎 Yasujirô Ozu   主演: 笠智众 Chishû Ryû / 原节...<br/>
                            1953 / 日本 / 剧情 家庭",小津安二郎 Yasujirô Ozu   ,1953, 日本 , 剧情 家庭
https://movie.douban.com/subject/2297265/,https://img2.doubanio.com/view/photo/s_ratio_poster/public/p1344888983.jpg,浪潮,  Die Welle,8.7,213430,世界离独裁只有五天,"导演: 丹尼斯·甘塞尔 Dennis Gansel   主演: 尤尔根·沃格尔 Jürgen Vogel ...<br/>
                            2008 / 德国 / 剧情 惊悚",丹尼斯·甘塞尔 Dennis Gansel   ,2008, 德国 , 剧情 惊悚
https://movie.douban.com/subject/6874403/,https://img2.doubanio.com/view/photo/s_ratio_poster/public/p2250287733.jpg,再次出发之纽约遇见你,  Begin Again,8.6,324636,爱我就给我看你的播放列表,"导演: 约翰·卡尼 John Carney   主演: 凯拉·奈特莉 Keira Knightley / 马克...<br/>
                            2013 / 美国 / 喜剧 爱情 音乐",约翰·卡尼 John Carney   ,2013, 美国 , 喜剧 爱情 音乐
https://movie.douban.com/subject/25921812/,https://img3.doubanio.com/view/photo/s_ratio_poster/public/p2393044761.jpg,驴得水, ,8.3,706424,过去的如果就让它过去了，未来只会越来越糟！,"导演: 周申 Shen Zhou / 刘露 Lu Liu   主演: 任素汐 Suxi Ren / 大力 Da Li ...<br/>
                            2016 / 中国大陆 / 剧情 喜剧",周申 Shen Zhou / 刘露 Lu Liu   ,2016, 中国大陆 , 剧情 喜剧
https://movie.douban.com/subject/1300117/,https://img9.doubanio.com/view/photo/s_ratio_poster/public/p2195672555.jpg,千钧一发,  Gattaca,8.8,193022,一部能引人思考的科幻励志片,"导演: 安德鲁·尼科尔 Andrew Niccol   主演: 伊桑·霍克 Ethan Hawke / 乌玛...<br/>
                            1997 / 美国 / 剧情 科幻 惊悚",安德鲁·尼科尔 Andrew Niccol   ,1997, 美国 , 剧情 科幻 惊悚
https://movie.douban.com/subject/26393561/,https://img9.doubanio.com/view/photo/s_ratio_poster/public/p2510956726.jpg,小萝莉的猴神大叔,  Bajrangi Bhaijaan,8.4,381422,宝莱坞的萝莉与大叔,"导演: 卡比尔·汗 Kabir Khan   主演: 萨尔曼·汗 Salman Khan / 哈莎莉·马...<br/>
                            2015 / 印度 / 剧情 喜剧 动作",卡比尔·汗 Kabir Khan   ,2015, 印度 , 剧情 喜剧 动作
https://movie.douban.com/subject/25954475/,https://img1.doubanio.com/view/photo/s_ratio_poster/public/p2263822658.jpg,聚焦,  Spotlight,8.8,220030,新闻人的理性求真,"导演: 托马斯·麦卡锡 Thomas McCarthy   主演: 马克·鲁弗洛 Mark Ruffalo /...<br/>
                            2015 / 美国 / 剧情 传记",托马斯·麦卡锡 Thomas McCarthy   ,2015, 美国 , 剧情 传记
https://movie.douban.com/subject/1397546/,https://img3.doubanio.com/view/photo/s_ratio_poster/public/p2561545031.jpg,追随,  Following,8.9,141985,诺兰的牛逼来源于内心散发出的恐惧,"导演: 克里斯托弗·诺兰 Christopher Nolan   主演: 杰里米·西奥伯德 Jeremy...<br/>
                            1998 / 英国 / 犯罪 悬疑 惊悚",克里斯托弗·诺兰 Christopher Nolan   ,1998, 英国 , 犯罪 悬疑 惊悚
https://movie.douban.com/subject/1304141/,https://img3.doubanio.com/view/photo/s_ratio_poster/public/p443461390.jpg,黑客帝国2：重装上阵,  The Matrix Reloaded,8.6,280810,一个精彩的世界观正在缓缓建立,"导演: Andy Wachowski / Larry Wachowski   主演: 基努·里维斯 Keanu Reeves...<br/>
                            2003 / 美国 澳大利亚 / 动作 科幻",Andy Wachowski / Larry Wachowski   ,2003, 美国 澳大利亚 , 动作 科幻
https://movie.douban.com/subject/5908478/,https://img1.doubanio.com/view/photo/s_ratio_poster/public/p1075591188.jpg,我爱你,  그대를 사랑합니다,9,119200,你要相信，这世上真的有爱存在，不管在什么年纪 ,"导演: 秋昌民 Chang-min Choo   主演: 宋在河 Jae-ho Song / 李顺载 Soon-jae...<br/>
                            2011 / 韩国 / 剧情 爱情",秋昌民 Chang-min Choo   ,2011, 韩国 , 剧情 爱情
https://movie.douban.com/subject/1291824/,https://img3.doubanio.com/view/photo/s_ratio_poster/public/p1910900710.jpg,黑鹰坠落,  Black Hawk Down,8.7,225319,还原真实而残酷的战争,"导演: 雷德利·斯科特 Ridley Scott   主演: 乔什·哈奈特 Josh Hartnett / ...<br/>
                            2001 / 美国 / 动作 历史 战争",雷德利·斯科特 Ridley Scott   ,2001, 美国 , 动作 历史 战争
https://movie.douban.com/subject/5964718/,https://img9.doubanio.com/view/photo/s_ratio_poster/public/p2189835254.jpg,一次别离,  جدایی نادر از سیمین,8.7,206143,只有有信仰的人才能说出事实真相,"导演: 阿斯哈·法哈蒂  Asghar Farhadi   主演: 佩曼·莫阿迪 Peyman Moadi /...<br/>
                            2011 / 伊朗 法国 / 剧情 家庭",阿斯哈·法哈蒂  Asghar Farhadi   ,2011, 伊朗 法国 , 剧情 家庭
https://movie.douban.com/subject/27615441/,https://img1.doubanio.com/view/photo/s_ratio_poster/public/p2542848758.jpg,网络谜踪,  Searching,8.6,404119, ,"导演: 阿尼什·查甘蒂 Aneesh Chaganty   主演: 约翰·赵 John Cho / 米切尔...<br/>
                            2018 / 美国 俄罗斯 / 剧情 犯罪 悬疑 惊悚",阿尼什·查甘蒂 Aneesh Chaganty   ,2018, 美国 俄罗斯 , 剧情 犯罪 悬疑 惊悚
https://movie.douban.com/subject/27191492/,https://img1.doubanio.com/view/photo/s_ratio_poster/public/p2540578887.jpg,四个春天, ,8.9,127421,来也匆匆去也匆匆，就这样风雨兼程,"导演: 陆庆屹 Lu Qing Yi   主演: 陆运坤 Yunkun Lu / 李桂贤 Guixian Li / ...<br/>
                            2017 / 中国大陆 / 纪录片 家庭",陆庆屹 Lu Qing Yi   ,2017, 中国大陆 , 纪录片 家庭
https://movie.douban.com/subject/1292233/,https://img9.doubanio.com/view/photo/s_ratio_poster/public/p529908155.jpg,发条橙,  A Clockwork Orange,8.6,294653,我完全康复了,"导演: 斯坦利·库布里克 Stanley Kubrick   主演: 马尔科姆·麦克道威尔 Malc...<br/>
                            1971 / 英国 美国 / 犯罪 剧情 科幻",斯坦利·库布里克 Stanley Kubrick   ,1971, 英国 美国 , 犯罪 剧情 科幻
